-- phpMyAdmin SQL Dump
-- version 3.2.0.1
-- http://www.phpmyadmin.net
--
-- Servidor: localhost
-- Tiempo de generación: 25-05-2017 a las 10:07:46
-- Versión del servidor: 5.1.36
-- Versión de PHP: 5.4.45

SET SQL_MODE="NO_AUTO_VALUE_ON_ZERO";


/*!40101 SET @OLD_CHARACTER_SET_CLIENT=@@CHARACTER_SET_CLIENT */;
/*!40101 SET @OLD_CHARACTER_SET_RESULTS=@@CHARACTER_SET_RESULTS */;
/*!40101 SET @OLD_COLLATION_CONNECTION=@@COLLATION_CONNECTION */;
/*!40101 SET NAMES utf8 */;

--
-- Base de datos: `siscov`
--

-- --------------------------------------------------------

--
-- Estructura de tabla para la tabla `calendar`
--

CREATE TABLE IF NOT EXISTS `calendar` (
  `Id` int(11) NOT NULL AUTO_INCREMENT,
  `IdTb` int(10) NOT NULL,
  `title` varchar(255) CHARACTER SET utf8 COLLATE utf8_bin NOT NULL,
  `puntos` int(11) NOT NULL,
  `start` date NOT NULL,
  `end` date NOT NULL,
  PRIMARY KEY (`Id`)
) ENGINE=InnoDB  DEFAULT CHARSET=latin1 AUTO_INCREMENT=2427 ;

--
-- Volcar la base de datos para la tabla `calendar`
--

INSERT INTO `calendar` (`Id`, `IdTb`, `title`, `puntos`, `start`, `end`) VALUES
(1, 1, '0', 0, '2017-04-03', '2017-04-03'),
(2, 1, '0', 0, '2017-04-08', '2017-04-08'),
(3, 44, '0', 0, '2017-04-02', '2017-04-02'),
(4, 44, '0', 0, '2017-04-01', '2017-04-01'),
(5, 44, '10', 0, '2017-04-03', '2017-04-03'),
(6, 44, '10', 0, '2017-04-04', '2017-04-04'),
(7, 44, '20', 0, '2017-04-08', '2017-04-08'),
(8, 44, '30', 0, '2017-04-07', '2017-04-07'),
(9, 1, '95', 0, '2017-04-04', '2017-04-04'),
(10, 1, '195', 0, '2017-04-02', '2017-04-02'),
(11, 1, '100', 0, '2017-04-05', '2017-04-05'),
(12, 1, '0', 0, '2017-04-06', '2017-04-06'),
(13, 1, '0', 0, '2017-04-07', '2017-04-07'),
(14, 1, '100', 0, '2017-04-10', '2017-04-10'),
(15, 1, '470', 0, '2017-04-09', '2017-04-09'),
(16, 1, '100', 0, '2017-04-11', '2017-04-11'),
(17, 1, '100', 0, '2017-04-12', '2017-04-12'),
(18, 1, '0', 0, '2017-04-13', '2017-04-13'),
(19, 1, '85', 0, '2017-04-14', '2017-04-14'),
(20, 1, '85', 0, '2017-04-15', '2017-04-15'),
(21, 1, '100', 0, '2017-04-17', '2017-04-17'),
(22, 1, '600', 0, '2017-04-16', '2017-04-16'),
(23, 1, '100', 0, '2017-04-18', '2017-04-18'),
(24, 1, '100', 0, '2017-04-19', '2017-04-19'),
(25, 1, '100', 0, '2017-04-20', '2017-04-20'),
(26, 1, '100', 0, '2017-04-21', '2017-04-21'),
(27, 1, '0', 0, '2017-04-01', '2017-04-01'),
(28, 1, '0', 0, '2017-03-31', '2017-03-31'),
(29, 3, '0', 0, '2017-04-01', '2017-04-01'),
(30, 3, '0', 0, '2017-03-31', '2017-03-31'),
(31, 3, '0', 0, '2017-04-03', '2017-04-03'),
(32, 3, '195', 0, '2017-04-02', '2017-04-02'),
(33, 3, '95', 0, '2017-04-04', '2017-04-04'),
(34, 3, '100', 0, '2017-04-05', '2017-04-05'),
(35, 3, '0', 0, '2017-04-06', '2017-04-06'),
(36, 3, '0', 0, '2017-04-07', '2017-04-07'),
(37, 3, '0', 0, '2017-04-08', '2017-04-08'),
(38, 3, '100', 0, '2017-04-10', '2017-04-10'),
(39, 3, '300', 0, '2017-04-09', '2017-04-09'),
(40, 3, '100', 0, '2017-04-11', '2017-04-11'),
(41, 3, '100', 0, '2017-04-12', '2017-04-12'),
(42, 3, '0', 0, '2017-04-13', '2017-04-13'),
(43, 3, '85', 0, '2017-04-14', '2017-04-14'),
(44, 3, '85', 0, '2017-04-15', '2017-04-15'),
(45, 3, '100', 0, '2017-04-17', '2017-04-17'),
(46, 3, '500', 0, '2017-04-16', '2017-04-16'),
(47, 3, '100', 0, '2017-04-18', '2017-04-18'),
(48, 3, '100', 0, '2017-04-19', '2017-04-19'),
(49, 3, '100', 0, '2017-04-20', '2017-04-20'),
(50, 3, '100', 0, '2017-04-21', '2017-04-21'),
(51, 5, '0', 0, '2017-04-01', '2017-04-01'),
(52, 5, '0', 0, '2017-03-31', '2017-03-31'),
(53, 5, '0', 0, '2017-04-03', '2017-04-03'),
(54, 5, '195', 0, '2017-04-02', '2017-04-02'),
(55, 5, '95', 0, '2017-04-04', '2017-04-04'),
(56, 5, '100', 0, '2017-04-05', '2017-04-05'),
(57, 5, '0', 0, '2017-04-06', '2017-04-06'),
(58, 5, '0', 0, '2017-04-07', '2017-04-07'),
(59, 5, '0', 0, '2017-04-08', '2017-04-08'),
(60, 5, '100', 0, '2017-04-10', '2017-04-10'),
(61, 5, '300', 0, '2017-04-09', '2017-04-09'),
(62, 5, '100', 0, '2017-04-11', '2017-04-11'),
(63, 5, '100', 0, '2017-04-12', '2017-04-12'),
(64, 5, '0', 0, '2017-04-13', '2017-04-13'),
(65, 5, '85', 0, '2017-04-14', '2017-04-14'),
(66, 5, '85', 0, '2017-04-15', '2017-04-15'),
(67, 5, '100', 0, '2017-04-17', '2017-04-17'),
(68, 5, '500', 0, '2017-04-16', '2017-04-16'),
(69, 5, '100', 0, '2017-04-18', '2017-04-18'),
(70, 5, '100', 0, '2017-04-19', '2017-04-19'),
(71, 5, '100', 0, '2017-04-20', '2017-04-20'),
(72, 5, '100', 0, '2017-04-21', '2017-04-21'),
(73, 6, '0', 0, '2017-04-01', '2017-04-01'),
(74, 6, '0', 0, '2017-03-31', '2017-03-31'),
(75, 6, '0', 0, '2017-04-03', '2017-04-03'),
(76, 6, '195', 0, '2017-04-02', '2017-04-02'),
(77, 6, '95', 0, '2017-04-04', '2017-04-04'),
(78, 6, '100', 0, '2017-04-05', '2017-04-05'),
(79, 6, '0', 0, '2017-04-06', '2017-04-06'),
(80, 6, '0', 0, '2017-04-07', '2017-04-07'),
(81, 6, '0', 0, '2017-04-08', '2017-04-08'),
(82, 6, '100', 0, '2017-04-10', '2017-04-10'),
(83, 6, '300', 0, '2017-04-09', '2017-04-09'),
(84, 6, '100', 0, '2017-04-11', '2017-04-11'),
(85, 6, '100', 0, '2017-04-12', '2017-04-12'),
(86, 6, '0', 0, '2017-04-13', '2017-04-13'),
(87, 6, '85', 0, '2017-04-14', '2017-04-14'),
(88, 6, '85', 0, '2017-04-15', '2017-04-15'),
(89, 6, '100', 0, '2017-04-17', '2017-04-17'),
(90, 6, '600', 0, '2017-04-16', '2017-04-16'),
(91, 6, '100', 0, '2017-04-18', '2017-04-18'),
(92, 6, '100', 0, '2017-04-19', '2017-04-19'),
(93, 6, '100', 0, '2017-04-20', '2017-04-20'),
(94, 6, '100', 0, '2017-04-21', '2017-04-21'),
(95, 7, '0', 0, '2017-04-01', '2017-04-01'),
(96, 7, '0', 0, '2017-03-31', '2017-03-31'),
(97, 7, '0', 0, '2017-04-03', '2017-04-03'),
(98, 7, '195', 0, '2017-04-02', '2017-04-02'),
(99, 7, '95', 0, '2017-04-04', '2017-04-04'),
(100, 7, '100', 0, '2017-04-05', '2017-04-05'),
(101, 7, '0', 0, '2017-04-06', '2017-04-06'),
(102, 7, '0', 0, '2017-04-07', '2017-04-07'),
(103, 7, '0', 0, '2017-04-08', '2017-04-08'),
(104, 7, '100', 0, '2017-04-10', '2017-04-10'),
(105, 7, '300', 0, '2017-04-09', '2017-04-09'),
(106, 7, '100', 0, '2017-04-11', '2017-04-11'),
(107, 7, '100', 0, '2017-04-12', '2017-04-12'),
(108, 7, '0', 0, '2017-04-13', '2017-04-13'),
(109, 7, '85', 0, '2017-04-14', '2017-04-14'),
(110, 7, '85', 0, '2017-04-15', '2017-04-15'),
(111, 7, '100', 0, '2017-04-17', '2017-04-17'),
(112, 7, '600', 0, '2017-04-16', '2017-04-16'),
(113, 7, '100', 0, '2017-04-18', '2017-04-18'),
(114, 7, '100', 0, '2017-04-19', '2017-04-19'),
(115, 7, '100', 0, '2017-04-20', '2017-04-20'),
(116, 7, '100', 0, '2017-04-21', '2017-04-21'),
(117, 8, '0', 0, '2017-04-01', '2017-04-01'),
(118, 8, '0', 0, '2017-03-31', '2017-03-31'),
(119, 8, '0', 0, '2017-04-03', '2017-04-03'),
(120, 8, '195', 0, '2017-04-02', '2017-04-02'),
(121, 8, '95', 0, '2017-04-04', '2017-04-04'),
(122, 8, '100', 0, '2017-04-05', '2017-04-05'),
(123, 8, '0', 0, '2017-04-06', '2017-04-06'),
(124, 8, '0', 0, '2017-04-07', '2017-04-07'),
(125, 8, '0', 0, '2017-04-08', '2017-04-08'),
(126, 8, '100', 0, '2017-04-10', '2017-04-10'),
(127, 8, '300', 0, '2017-04-09', '2017-04-09'),
(128, 8, '100', 0, '2017-04-11', '2017-04-11'),
(129, 8, '100', 0, '2017-04-12', '2017-04-12'),
(130, 8, '0', 0, '2017-04-13', '2017-04-13'),
(131, 8, '85', 0, '2017-04-14', '2017-04-14'),
(132, 8, '85', 0, '2017-04-15', '2017-04-15'),
(133, 8, '100', 0, '2017-04-17', '2017-04-17'),
(134, 8, '600', 0, '2017-04-16', '2017-04-16'),
(135, 8, '100', 0, '2017-04-18', '2017-04-18'),
(136, 8, '100', 0, '2017-04-19', '2017-04-19'),
(137, 8, '100', 0, '2017-04-20', '2017-04-20'),
(138, 8, '100', 0, '2017-04-21', '2017-04-21'),
(139, 9, '0', 0, '2017-04-01', '2017-04-01'),
(140, 9, '0', 0, '2017-03-31', '2017-03-31'),
(141, 9, '0', 0, '2017-04-03', '2017-04-03'),
(142, 9, '195', 0, '2017-04-02', '2017-04-02'),
(143, 9, '95', 0, '2017-04-04', '2017-04-04'),
(144, 9, '100', 0, '2017-04-05', '2017-04-05'),
(145, 9, '0', 0, '2017-04-06', '2017-04-06'),
(146, 9, '0', 0, '2017-04-07', '2017-04-07'),
(147, 9, '0', 0, '2017-04-08', '2017-04-08'),
(148, 9, '100', 0, '2017-04-10', '2017-04-10'),
(149, 9, '300', 0, '2017-04-09', '2017-04-09'),
(150, 9, '100', 0, '2017-04-11', '2017-04-11'),
(151, 9, '100', 0, '2017-04-12', '2017-04-12'),
(152, 9, '0', 0, '2017-04-13', '2017-04-13'),
(153, 9, '85', 0, '2017-04-14', '2017-04-14'),
(154, 9, '85', 0, '2017-04-15', '2017-04-15'),
(155, 9, '100', 0, '2017-04-17', '2017-04-17'),
(156, 9, '500', 0, '2017-04-16', '2017-04-16'),
(157, 9, '100', 0, '2017-04-18', '2017-04-18'),
(158, 9, '100', 0, '2017-04-19', '2017-04-19'),
(159, 9, '100', 0, '2017-04-20', '2017-04-20'),
(160, 9, '100', 0, '2017-04-21', '2017-04-21'),
(161, 11, '0', 0, '2017-04-01', '2017-04-01'),
(162, 11, '0', 0, '2017-03-31', '2017-03-31'),
(163, 11, '0', 0, '2017-04-03', '2017-04-03'),
(164, 11, '195', 0, '2017-04-02', '2017-04-02'),
(165, 11, '95', 0, '2017-04-04', '2017-04-04'),
(166, 11, '100', 0, '2017-04-05', '2017-04-05'),
(167, 11, '0', 0, '2017-04-06', '2017-04-06'),
(168, 11, '0', 0, '2017-04-07', '2017-04-07'),
(169, 11, '0', 0, '2017-04-08', '2017-04-08'),
(170, 11, '100', 0, '2017-04-10', '2017-04-10'),
(171, 11, '300', 0, '2017-04-09', '2017-04-09'),
(172, 11, '100', 0, '2017-04-11', '2017-04-11'),
(173, 11, '100', 0, '2017-04-12', '2017-04-12'),
(174, 11, '0', 0, '2017-04-13', '2017-04-13'),
(175, 11, '85', 0, '2017-04-14', '2017-04-14'),
(176, 11, '85', 0, '2017-04-15', '2017-04-15'),
(177, 11, '100', 0, '2017-04-17', '2017-04-17'),
(178, 11, '600', 0, '2017-04-16', '2017-04-16'),
(179, 11, '100', 0, '2017-04-18', '2017-04-18'),
(180, 11, '100', 0, '2017-04-19', '2017-04-19'),
(181, 11, '100', 0, '2017-04-20', '2017-04-20'),
(182, 11, '100', 0, '2017-04-21', '2017-04-21'),
(183, 12, '0', 0, '2017-04-01', '2017-04-01'),
(184, 12, '0', 0, '2017-03-31', '2017-03-31'),
(185, 12, '0', 0, '2017-04-03', '2017-04-03'),
(186, 12, '195', 0, '2017-04-02', '2017-04-02'),
(187, 12, '95', 0, '2017-04-04', '2017-04-04'),
(188, 12, '100', 0, '2017-04-05', '2017-04-05'),
(189, 12, '0', 0, '2017-04-06', '2017-04-06'),
(190, 12, '0', 0, '2017-04-07', '2017-04-07'),
(191, 12, '0', 0, '2017-04-08', '2017-04-08'),
(192, 12, '100', 0, '2017-04-10', '2017-04-10'),
(193, 12, '300', 0, '2017-04-09', '2017-04-09'),
(194, 12, '100', 0, '2017-04-11', '2017-04-11'),
(195, 12, '100', 0, '2017-04-12', '2017-04-12'),
(196, 12, '0', 0, '2017-04-13', '2017-04-13'),
(197, 12, '85', 0, '2017-04-14', '2017-04-14'),
(198, 12, '85', 0, '2017-04-15', '2017-04-15'),
(199, 12, '100', 0, '2017-04-17', '2017-04-17'),
(200, 12, '600', 0, '2017-04-16', '2017-04-16'),
(201, 12, '100', 0, '2017-04-18', '2017-04-18'),
(202, 12, '100', 0, '2017-04-19', '2017-04-19'),
(203, 12, '100', 0, '2017-04-20', '2017-04-20'),
(204, 12, '100', 0, '2017-04-21', '2017-04-21'),
(205, 13, '0', 0, '2017-04-01', '2017-04-01'),
(206, 13, '0', 0, '2017-03-31', '2017-03-31'),
(207, 13, '0', 0, '2017-04-03', '2017-04-03'),
(208, 13, '195', 0, '2017-04-02', '2017-04-02'),
(209, 13, '95', 0, '2017-04-04', '2017-04-04'),
(210, 13, '100', 0, '2017-04-05', '2017-04-05'),
(211, 13, '0', 0, '2017-04-06', '2017-04-06'),
(212, 13, '0', 0, '2017-04-07', '2017-04-07'),
(213, 13, '0', 0, '2017-04-08', '2017-04-08'),
(214, 13, '100', 0, '2017-04-10', '2017-04-10'),
(215, 13, '300', 0, '2017-04-09', '2017-04-09'),
(216, 13, '100', 0, '2017-04-11', '2017-04-11'),
(217, 13, '100', 0, '2017-04-12', '2017-04-12'),
(218, 13, '0', 0, '2017-04-13', '2017-04-13'),
(219, 13, '85', 0, '2017-04-14', '2017-04-14'),
(220, 13, '85', 0, '2017-04-15', '2017-04-15'),
(221, 13, '100', 0, '2017-04-17', '2017-04-17'),
(222, 13, '600', 0, '2017-04-16', '2017-04-16'),
(223, 13, '100', 0, '2017-04-18', '2017-04-18'),
(224, 13, '100', 0, '2017-04-19', '2017-04-19'),
(225, 13, '100', 0, '2017-04-20', '2017-04-20'),
(226, 13, '100', 0, '2017-04-21', '2017-04-21'),
(227, 14, '0', 0, '2017-04-01', '2017-04-01'),
(228, 14, '0', 0, '2017-03-31', '2017-03-31'),
(229, 14, '0', 0, '2017-04-03', '2017-04-03'),
(230, 14, '195', 0, '2017-04-02', '2017-04-02'),
(231, 14, '95', 0, '2017-04-04', '2017-04-04'),
(232, 14, '100', 0, '2017-04-05', '2017-04-05'),
(233, 14, '0', 0, '2017-04-06', '2017-04-06'),
(234, 14, '0', 0, '2017-04-07', '2017-04-07'),
(235, 14, '0', 0, '2017-04-08', '2017-04-08'),
(236, 14, '100', 0, '2017-04-10', '2017-04-10'),
(237, 14, '300', 0, '2017-04-09', '2017-04-09'),
(238, 14, '100', 0, '2017-04-11', '2017-04-11'),
(239, 14, '100', 0, '2017-04-12', '2017-04-12'),
(240, 14, '0', 0, '2017-04-13', '2017-04-13'),
(241, 14, '85', 0, '2017-04-14', '2017-04-14'),
(242, 14, '85', 0, '2017-04-15', '2017-04-15'),
(243, 14, '100', 0, '2017-04-17', '2017-04-17'),
(244, 14, '600', 0, '2017-04-16', '2017-04-16'),
(245, 14, '100', 0, '2017-04-18', '2017-04-18'),
(246, 14, '100', 0, '2017-04-19', '2017-04-19'),
(247, 14, '100', 0, '2017-04-20', '2017-04-20'),
(248, 14, '100', 0, '2017-04-21', '2017-04-21'),
(249, 15, '0', 0, '2017-04-01', '2017-04-01'),
(250, 15, '0', 0, '2017-03-31', '2017-03-31'),
(251, 15, '0', 0, '2017-04-03', '2017-04-03'),
(252, 15, '195', 0, '2017-04-02', '2017-04-02'),
(253, 15, '95', 0, '2017-04-04', '2017-04-04'),
(254, 15, '100', 0, '2017-04-05', '2017-04-05'),
(255, 15, '0', 0, '2017-04-06', '2017-04-06'),
(256, 15, '0', 0, '2017-04-07', '2017-04-07'),
(257, 15, '0', 0, '2017-04-08', '2017-04-08'),
(258, 15, '100', 0, '2017-04-10', '2017-04-10'),
(259, 15, '300', 0, '2017-04-09', '2017-04-09'),
(260, 15, '100', 0, '2017-04-11', '2017-04-11'),
(261, 15, '100', 0, '2017-04-12', '2017-04-12'),
(262, 15, '0', 0, '2017-04-13', '2017-04-13'),
(263, 15, '85', 0, '2017-04-14', '2017-04-14'),
(264, 15, '85', 0, '2017-04-15', '2017-04-15'),
(265, 15, '100', 0, '2017-04-17', '2017-04-17'),
(266, 15, '600', 0, '2017-04-16', '2017-04-16'),
(267, 15, '100', 0, '2017-04-18', '2017-04-18'),
(268, 15, '100', 0, '2017-04-19', '2017-04-19'),
(269, 15, '100', 0, '2017-04-20', '2017-04-20'),
(270, 15, '100', 0, '2017-04-21', '2017-04-21'),
(271, 45, '0', 0, '2017-04-01', '2017-04-01'),
(272, 45, '0', 0, '2017-03-31', '2017-03-31'),
(273, 45, '0', 0, '2017-04-03', '2017-04-03'),
(274, 45, '195', 0, '2017-04-02', '2017-04-02'),
(275, 45, '95', 0, '2017-04-04', '2017-04-04'),
(276, 45, '100', 0, '2017-04-05', '2017-04-05'),
(277, 45, '0', 0, '2017-04-06', '2017-04-06'),
(278, 45, '0', 0, '2017-04-07', '2017-04-07'),
(279, 45, '0', 0, '2017-04-08', '2017-04-08'),
(280, 45, '100', 0, '2017-04-10', '2017-04-10'),
(281, 45, '300', 0, '2017-04-09', '2017-04-09'),
(282, 45, '100', 0, '2017-04-11', '2017-04-11'),
(283, 45, '100', 0, '2017-04-12', '2017-04-12'),
(284, 45, '0', 0, '2017-04-13', '2017-04-13'),
(285, 45, '85', 0, '2017-04-14', '2017-04-14'),
(286, 45, '85', 0, '2017-04-15', '2017-04-15'),
(287, 45, '100', 0, '2017-04-17', '2017-04-17'),
(288, 45, '500', 0, '2017-04-16', '2017-04-16'),
(289, 45, '100', 0, '2017-04-18', '2017-04-18'),
(290, 45, '100', 0, '2017-04-19', '2017-04-19'),
(291, 45, '100', 0, '2017-04-20', '2017-04-20'),
(292, 45, '100', 0, '2017-04-21', '2017-04-21'),
(293, 61, '0', 0, '2017-04-01', '2017-04-01'),
(294, 61, '0', 0, '2017-03-31', '2017-03-31'),
(295, 61, '0', 0, '2017-04-03', '2017-04-03'),
(296, 61, '195', 0, '2017-04-02', '2017-04-02'),
(297, 61, '95', 0, '2017-04-04', '2017-04-04'),
(298, 61, '100', 0, '2017-04-05', '2017-04-05'),
(299, 61, '0', 0, '2017-04-06', '2017-04-06'),
(300, 61, '0', 0, '2017-04-07', '2017-04-07'),
(301, 61, '0', 0, '2017-04-08', '2017-04-08'),
(302, 61, '100', 0, '2017-04-10', '2017-04-10'),
(303, 61, '300', 0, '2017-04-09', '2017-04-09'),
(304, 61, '100', 0, '2017-04-11', '2017-04-11'),
(305, 61, '100', 0, '2017-04-12', '2017-04-12'),
(306, 61, '0', 0, '2017-04-13', '2017-04-13'),
(307, 61, '85', 0, '2017-04-14', '2017-04-14'),
(308, 61, '85', 0, '2017-04-15', '2017-04-15'),
(309, 61, '100', 0, '2017-04-17', '2017-04-17'),
(310, 61, '600', 0, '2017-04-16', '2017-04-16'),
(311, 61, '100', 0, '2017-04-18', '2017-04-18'),
(312, 61, '100', 0, '2017-04-19', '2017-04-19'),
(313, 61, '100', 0, '2017-04-20', '2017-04-20'),
(314, 61, '100', 0, '2017-04-21', '2017-04-21'),
(315, 1, '100', 0, '2017-04-22', '2017-04-22'),
(316, 3, '100', 0, '2017-04-22', '2017-04-22'),
(317, 66, '0', 0, '2017-04-01', '2017-04-01'),
(318, 66, '0', 0, '2017-03-31', '2017-03-31'),
(319, 66, '100', 0, '2017-04-19', '2017-04-19'),
(320, 66, '400', 0, '2017-04-16', '2017-04-16'),
(321, 66, '100', 0, '2017-04-20', '2017-04-20'),
(322, 66, '100', 0, '2017-04-21', '2017-04-21'),
(323, 66, '100', 0, '2017-04-22', '2017-04-22'),
(324, 10, '85', 0, '2017-04-15', '2017-04-15'),
(325, 10, '0', 0, '2017-04-14', '2017-04-14'),
(326, 10, '100', 0, '2017-04-17', '2017-04-17'),
(327, 10, '500', 0, '2017-04-16', '2017-04-16'),
(328, 10, '100', 0, '2017-04-18', '2017-04-18'),
(329, 10, '100', 0, '2017-04-19', '2017-04-19'),
(330, 10, '100', 0, '2017-04-20', '2017-04-20'),
(331, 10, '100', 0, '2017-04-21', '2017-04-21'),
(332, 10, '100', 0, '2017-04-22', '2017-04-22'),
(333, 23, '100', 0, '2017-04-01', '2017-04-01'),
(334, 23, '100', 0, '2017-03-31', '2017-03-31'),
(335, 23, '100', 0, '2017-04-03', '2017-04-03'),
(336, 23, '475', 0, '2017-04-02', '2017-04-02'),
(337, 23, '95', 0, '2017-04-04', '2017-04-04'),
(338, 23, '100', 0, '2017-04-05', '2017-04-05'),
(339, 23, '95', 0, '2017-04-06', '2017-04-06'),
(340, 23, '100', 0, '2017-04-07', '2017-04-07'),
(341, 23, '100', 0, '2017-04-08', '2017-04-08'),
(342, 23, '95', 0, '2017-04-10', '2017-04-10'),
(343, 23, '275', 0, '2017-04-09', '2017-04-09'),
(344, 23, '95', 0, '2017-04-11', '2017-04-11'),
(345, 23, '85', 0, '2017-04-12', '2017-04-12'),
(346, 23, '0', 0, '2017-04-13', '2017-04-13'),
(347, 23, '85', 0, '2017-04-14', '2017-04-14'),
(348, 23, '85', 0, '2017-04-15', '2017-04-15'),
(349, 23, '85', 0, '2017-04-17', '2017-04-17'),
(350, 23, '450', 0, '2017-04-16', '2017-04-16'),
(351, 23, '85', 0, '2017-04-18', '2017-04-18'),
(352, 23, '100', 0, '2017-04-19', '2017-04-19'),
(353, 23, '95', 0, '2017-04-20', '2017-04-20'),
(354, 23, '95', 0, '2017-04-21', '2017-04-21'),
(355, 23, '95', 0, '2017-04-22', '2017-04-22'),
(356, 21, '100', 0, '2017-04-01', '2017-04-01'),
(357, 21, '100', 0, '2017-03-31', '2017-03-31'),
(358, 21, '100', 0, '2017-04-03', '2017-04-03'),
(359, 21, '475', 0, '2017-04-02', '2017-04-02'),
(360, 21, '95', 0, '2017-04-04', '2017-04-04'),
(361, 21, '100', 0, '2017-04-05', '2017-04-05'),
(362, 21, '95', 0, '2017-04-06', '2017-04-06'),
(363, 21, '100', 0, '2017-04-07', '2017-04-07'),
(364, 21, '100', 0, '2017-04-08', '2017-04-08'),
(365, 21, '95', 0, '2017-04-10', '2017-04-10'),
(366, 21, '275', 0, '2017-04-09', '2017-04-09'),
(367, 21, '95', 0, '2017-04-11', '2017-04-11'),
(368, 21, '85', 0, '2017-04-12', '2017-04-12'),
(369, 21, '0', 0, '2017-04-13', '2017-04-13'),
(370, 21, '0', 0, '2017-04-14', '2017-04-14'),
(371, 21, '0', 0, '2017-04-15', '2017-04-15'),
(372, 21, '85', 0, '2017-04-17', '2017-04-17'),
(373, 21, '450', 0, '2017-04-16', '2017-04-16'),
(374, 21, '85', 0, '2017-04-18', '2017-04-18'),
(375, 21, '100', 0, '2017-04-19', '2017-04-19'),
(376, 21, '95', 0, '2017-04-20', '2017-04-20'),
(377, 21, '95', 0, '2017-04-21', '2017-04-21'),
(378, 21, '95', 0, '2017-04-22', '2017-04-22'),
(379, 67, '100', 0, '2017-04-01', '2017-04-01'),
(380, 67, '100', 0, '2017-03-31', '2017-03-31'),
(381, 67, '100', 0, '2017-04-03', '2017-04-03'),
(382, 67, '475', 0, '2017-04-02', '2017-04-02'),
(383, 67, '95', 0, '2017-04-04', '2017-04-04'),
(384, 67, '100', 0, '2017-04-05', '2017-04-05'),
(385, 67, '95', 0, '2017-04-06', '2017-04-06'),
(386, 67, '100', 0, '2017-04-07', '2017-04-07'),
(387, 67, '100', 0, '2017-04-08', '2017-04-08'),
(388, 67, '95', 0, '2017-04-10', '2017-04-10'),
(389, 67, '275', 0, '2017-04-09', '2017-04-09'),
(390, 67, '95', 0, '2017-04-11', '2017-04-11'),
(391, 67, '85', 0, '2017-04-12', '2017-04-12'),
(392, 67, '0', 0, '2017-04-13', '2017-04-13'),
(393, 67, '0', 0, '2017-04-14', '2017-04-14'),
(394, 67, '0', 0, '2017-04-15', '2017-04-15'),
(395, 67, '85', 0, '2017-04-17', '2017-04-17'),
(396, 67, '450', 0, '2017-04-16', '2017-04-16'),
(397, 67, '85', 0, '2017-04-18', '2017-04-18'),
(398, 67, '100', 0, '2017-04-19', '2017-04-19'),
(399, 67, '95', 0, '2017-04-20', '2017-04-20'),
(400, 67, '95', 0, '2017-04-21', '2017-04-21'),
(401, 67, '95', 0, '2017-04-22', '2017-04-22'),
(402, 24, '100', 0, '2017-04-01', '2017-04-01'),
(403, 24, '100', 0, '2017-03-31', '2017-03-31'),
(404, 24, '100', 0, '2017-04-03', '2017-04-03'),
(405, 24, '475', 0, '2017-04-02', '2017-04-02'),
(406, 24, '95', 0, '2017-04-04', '2017-04-04'),
(407, 24, '100', 0, '2017-04-05', '2017-04-05'),
(408, 24, '95', 0, '2017-04-06', '2017-04-06'),
(409, 24, '100', 0, '2017-04-07', '2017-04-07'),
(410, 24, '100', 0, '2017-04-08', '2017-04-08'),
(411, 24, '95', 0, '2017-04-10', '2017-04-10'),
(412, 24, '275', 0, '2017-04-09', '2017-04-09'),
(413, 24, '95', 0, '2017-04-11', '2017-04-11'),
(414, 24, '85', 0, '2017-04-12', '2017-04-12'),
(415, 24, '0', 0, '2017-04-13', '2017-04-13'),
(416, 24, '0', 0, '2017-04-14', '2017-04-14'),
(417, 24, '0', 0, '2017-04-15', '2017-04-15'),
(418, 24, '85', 0, '2017-04-17', '2017-04-17'),
(419, 24, '450', 0, '2017-04-16', '2017-04-16'),
(420, 24, '85', 0, '2017-04-18', '2017-04-18'),
(421, 24, '100', 0, '2017-04-19', '2017-04-19'),
(422, 24, '95', 0, '2017-04-20', '2017-04-20'),
(423, 24, '95', 0, '2017-04-21', '2017-04-21'),
(424, 24, '95', 0, '2017-04-22', '2017-04-22'),
(425, 17, '100', 0, '2017-04-01', '2017-04-01'),
(426, 17, '100', 0, '2017-03-31', '2017-03-31'),
(427, 17, '100', 0, '2017-04-03', '2017-04-03'),
(428, 17, '475', 0, '2017-04-02', '2017-04-02'),
(429, 17, '95', 0, '2017-04-04', '2017-04-04'),
(430, 17, '100', 0, '2017-04-05', '2017-04-05'),
(431, 17, '95', 0, '2017-04-06', '2017-04-06'),
(432, 17, '100', 0, '2017-04-07', '2017-04-07'),
(433, 17, '100', 0, '2017-04-08', '2017-04-08'),
(434, 17, '95', 0, '2017-04-10', '2017-04-10'),
(435, 17, '275', 0, '2017-04-09', '2017-04-09'),
(436, 17, '95', 0, '2017-04-11', '2017-04-11'),
(437, 17, '85', 0, '2017-04-12', '2017-04-12'),
(438, 17, '0', 0, '2017-04-13', '2017-04-13'),
(439, 17, '0', 0, '2017-04-14', '2017-04-14'),
(440, 17, '0', 0, '2017-04-15', '2017-04-15'),
(441, 17, '85', 0, '2017-04-17', '2017-04-17'),
(442, 17, '450', 0, '2017-04-16', '2017-04-16'),
(443, 17, '85', 0, '2017-04-18', '2017-04-18'),
(444, 17, '100', 0, '2017-04-19', '2017-04-19'),
(445, 17, '95', 0, '2017-04-20', '2017-04-20'),
(446, 17, '95', 0, '2017-04-21', '2017-04-21'),
(447, 17, '95', 0, '2017-04-22', '2017-04-22'),
(448, 26, '100', 0, '2017-04-01', '2017-04-01'),
(449, 26, '0', 0, '2017-03-31', '2017-03-31'),
(450, 26, '100', 0, '2017-04-03', '2017-04-03'),
(451, 26, '475', 0, '2017-04-02', '2017-04-02'),
(452, 26, '0', 0, '2017-03-26', '2017-03-26'),
(453, 26, '95', 0, '2017-04-04', '2017-04-04'),
(454, 26, '100', 0, '2017-04-05', '2017-04-05'),
(455, 26, '95', 0, '2017-04-06', '2017-04-06'),
(456, 26, '100', 0, '2017-04-07', '2017-04-07'),
(457, 26, '100', 0, '2017-04-08', '2017-04-08'),
(458, 26, '95', 0, '2017-04-10', '2017-04-10'),
(459, 26, '275', 0, '2017-04-09', '2017-04-09'),
(460, 26, '95', 0, '2017-04-11', '2017-04-11'),
(461, 26, '85', 0, '2017-04-12', '2017-04-12'),
(462, 26, '0', 0, '2017-04-13', '2017-04-13'),
(463, 26, '0', 0, '2017-04-14', '2017-04-14'),
(464, 26, '0', 0, '2017-04-15', '2017-04-15'),
(465, 26, '85', 0, '2017-04-17', '2017-04-17'),
(466, 26, '450', 0, '2017-04-16', '2017-04-16'),
(467, 26, '85', 0, '2017-04-18', '2017-04-18'),
(468, 26, '100', 0, '2017-04-19', '2017-04-19'),
(469, 26, '95', 0, '2017-04-20', '2017-04-20'),
(470, 26, '95', 0, '2017-04-21', '2017-04-21'),
(471, 26, '95', 0, '2017-04-22', '2017-04-22'),
(472, 18, '100', 0, '2017-04-01', '2017-04-01'),
(473, 18, '0', 0, '2017-03-31', '2017-03-31'),
(474, 18, '0', 0, '2017-03-26', '2017-03-26'),
(475, 18, '100', 0, '2017-04-03', '2017-04-03'),
(476, 18, '475', 0, '2017-04-02', '2017-04-02'),
(477, 18, '95', 0, '2017-04-04', '2017-04-04'),
(478, 18, '100', 0, '2017-04-05', '2017-04-05'),
(479, 18, '95', 0, '2017-04-06', '2017-04-06'),
(480, 18, '100', 0, '2017-04-07', '2017-04-07'),
(481, 18, '100', 0, '2017-04-08', '2017-04-08'),
(482, 18, '95', 0, '2017-04-10', '2017-04-10'),
(483, 18, '275', 0, '2017-04-09', '2017-04-09'),
(484, 18, '95', 0, '2017-04-11', '2017-04-11'),
(485, 18, '85', 0, '2017-04-12', '2017-04-12'),
(486, 18, '0', 0, '2017-04-13', '2017-04-13'),
(487, 18, '0', 0, '2017-04-14', '2017-04-14'),
(488, 18, '0', 0, '2017-04-15', '2017-04-15'),
(489, 18, '85', 0, '2017-04-17', '2017-04-17'),
(490, 18, '450', 0, '2017-04-16', '2017-04-16'),
(491, 18, '85', 0, '2017-04-18', '2017-04-18'),
(492, 18, '100', 0, '2017-04-19', '2017-04-19'),
(493, 18, '95', 0, '2017-04-20', '2017-04-20'),
(494, 18, '95', 0, '2017-04-21', '2017-04-21'),
(495, 18, '95', 0, '2017-04-22', '2017-04-22'),
(496, 19, '100', 0, '2017-04-01', '2017-04-01'),
(497, 19, '100', 0, '2017-03-31', '2017-03-31'),
(498, 19, '100', 0, '2017-04-03', '2017-04-03'),
(499, 19, '475', 0, '2017-04-02', '2017-04-02'),
(500, 19, '95', 0, '2017-04-04', '2017-04-04'),
(501, 19, '100', 0, '2017-04-05', '2017-04-05'),
(502, 19, '95', 0, '2017-04-06', '2017-04-06'),
(503, 19, '100', 0, '2017-04-07', '2017-04-07'),
(504, 19, '100', 0, '2017-04-08', '2017-04-08'),
(505, 19, '95', 0, '2017-04-10', '2017-04-10'),
(506, 19, '275', 0, '2017-04-09', '2017-04-09'),
(507, 19, '95', 0, '2017-04-11', '2017-04-11'),
(508, 19, '85', 0, '2017-04-12', '2017-04-12'),
(509, 19, '0', 0, '2017-04-13', '2017-04-13'),
(510, 19, '0', 0, '2017-04-14', '2017-04-14'),
(511, 19, '0', 0, '2017-04-15', '2017-04-15'),
(512, 19, '85', 0, '2017-04-17', '2017-04-17'),
(513, 19, '450', 0, '2017-04-16', '2017-04-16'),
(514, 19, '85', 0, '2017-04-18', '2017-04-18'),
(515, 19, '100', 0, '2017-04-19', '2017-04-19'),
(516, 19, '95', 0, '2017-04-20', '2017-04-20'),
(517, 19, '100', 0, '2017-04-21', '2017-04-21'),
(518, 19, '100', 0, '2017-04-22', '2017-04-22'),
(519, 28, '100', 0, '2017-04-01', '2017-04-01'),
(520, 28, '100', 0, '2017-03-31', '2017-03-31'),
(521, 28, '100', 0, '2017-04-03', '2017-04-03'),
(522, 28, '475', 0, '2017-04-02', '2017-04-02'),
(523, 28, '95', 0, '2017-04-04', '2017-04-04'),
(524, 28, '100', 0, '2017-04-05', '2017-04-05'),
(525, 28, '95', 0, '2017-04-06', '2017-04-06'),
(526, 28, '100', 0, '2017-04-07', '2017-04-07'),
(527, 28, '100', 0, '2017-04-08', '2017-04-08'),
(528, 28, '95', 0, '2017-04-10', '2017-04-10'),
(529, 28, '275', 0, '2017-04-09', '2017-04-09'),
(530, 28, '95', 0, '2017-04-11', '2017-04-11'),
(531, 28, '85', 0, '2017-04-12', '2017-04-12'),
(532, 28, '0', 0, '2017-04-13', '2017-04-13'),
(533, 28, '0', 0, '2017-04-14', '2017-04-14'),
(534, 28, '0', 0, '2017-04-15', '2017-04-15'),
(535, 28, '85', 0, '2017-04-17', '2017-04-17'),
(536, 28, '450', 0, '2017-04-16', '2017-04-16'),
(537, 28, '85', 0, '2017-04-18', '2017-04-18'),
(538, 28, '100', 0, '2017-04-19', '2017-04-19'),
(539, 28, '95', 0, '2017-04-20', '2017-04-20'),
(540, 28, '95', 0, '2017-04-21', '2017-04-21'),
(541, 28, '95', 0, '2017-04-22', '2017-04-22'),
(542, 25, '100', 0, '2017-04-01', '2017-04-01'),
(543, 25, '100', 0, '2017-03-31', '2017-03-31'),
(544, 25, '100', 0, '2017-04-03', '2017-04-03'),
(545, 25, '475', 0, '2017-04-02', '2017-04-02'),
(546, 25, '95', 0, '2017-04-04', '2017-04-04'),
(547, 25, '100', 0, '2017-04-05', '2017-04-05'),
(548, 25, '95', 0, '2017-04-06', '2017-04-06'),
(549, 25, '100', 0, '2017-04-07', '2017-04-07'),
(550, 25, '100', 0, '2017-04-08', '2017-04-08'),
(551, 25, '95', 0, '2017-04-10', '2017-04-10'),
(552, 25, '275', 0, '2017-04-09', '2017-04-09'),
(553, 25, '95', 0, '2017-04-11', '2017-04-11'),
(554, 25, '85', 0, '2017-04-12', '2017-04-12'),
(555, 25, '0', 0, '2017-04-13', '2017-04-13'),
(556, 25, '0', 0, '2017-04-14', '2017-04-14'),
(557, 25, '0', 0, '2017-04-15', '2017-04-15'),
(558, 25, '85', 0, '2017-04-17', '2017-04-17'),
(559, 25, '450', 0, '2017-04-16', '2017-04-16'),
(560, 25, '85', 0, '2017-04-18', '2017-04-18'),
(561, 25, '100', 0, '2017-04-19', '2017-04-19'),
(562, 25, '95', 0, '2017-04-20', '2017-04-20'),
(563, 25, '95', 0, '2017-04-21', '2017-04-21'),
(564, 25, '95', 0, '2017-04-22', '2017-04-22'),
(565, 68, '0', 0, '2017-04-19', '2017-04-19'),
(566, 68, '285', 0, '2017-04-16', '2017-04-16'),
(567, 68, '95', 0, '2017-04-20', '2017-04-20'),
(568, 68, '95', 0, '2017-04-21', '2017-04-21'),
(569, 68, '95', 0, '2017-04-22', '2017-04-22'),
(570, 32, '100', 0, '2017-04-01', '2017-04-01'),
(571, 32, '100', 0, '2017-03-31', '2017-03-31'),
(572, 32, '0', 0, '2017-04-03', '2017-04-03'),
(573, 32, '370', 0, '2017-04-02', '2017-04-02'),
(574, 32, '85', 0, '2017-04-04', '2017-04-04'),
(575, 32, '85', 0, '2017-04-05', '2017-04-05'),
(576, 32, '100', 0, '2017-04-06', '2017-04-06'),
(577, 32, '85', 0, '2017-04-07', '2017-04-07'),
(578, 32, '85', 0, '2017-04-08', '2017-04-08'),
(579, 32, '100', 0, '2017-04-10', '2017-04-10'),
(580, 32, '195', 0, '2017-04-09', '2017-04-09'),
(581, 32, '95', 0, '2017-04-11', '2017-04-11'),
(582, 32, '0', 0, '2017-04-12', '2017-04-12'),
(583, 32, '0', 0, '2017-04-13', '2017-04-13'),
(584, 32, '0', 0, '2017-04-14', '2017-04-14'),
(585, 32, '0', 0, '2017-04-15', '2017-04-15'),
(586, 32, '85', 0, '2017-04-17', '2017-04-17'),
(587, 32, '480', 0, '2017-04-16', '2017-04-16'),
(588, 32, '100', 0, '2017-04-18', '2017-04-18'),
(589, 32, '100', 0, '2017-04-19', '2017-04-19'),
(590, 32, '100', 0, '2017-04-20', '2017-04-20'),
(591, 32, '95', 0, '2017-04-21', '2017-04-21'),
(592, 32, '95', 0, '2017-04-22', '2017-04-22'),
(593, 34, '100', 0, '2017-04-01', '2017-04-01'),
(594, 34, '100', 0, '2017-03-31', '2017-03-31'),
(595, 34, '0', 0, '2017-04-03', '2017-04-03'),
(596, 34, '370', 0, '2017-04-02', '2017-04-02'),
(597, 34, '85', 0, '2017-04-04', '2017-04-04'),
(598, 34, '85', 0, '2017-04-05', '2017-04-05'),
(599, 34, '100', 0, '2017-04-06', '2017-04-06'),
(600, 34, '85', 0, '2017-04-07', '2017-04-07'),
(601, 34, '85', 0, '2017-04-08', '2017-04-08'),
(602, 34, '100', 0, '2017-04-10', '2017-04-10'),
(603, 34, '195', 0, '2017-04-09', '2017-04-09'),
(604, 34, '95', 0, '2017-04-11', '2017-04-11'),
(605, 34, '0', 0, '2017-04-12', '2017-04-12'),
(606, 34, '0', 0, '2017-04-13', '2017-04-13'),
(607, 34, '0', 0, '2017-04-14', '2017-04-14'),
(608, 34, '0', 0, '2017-04-15', '2017-04-15'),
(609, 34, '85', 0, '2017-04-17', '2017-04-17'),
(610, 34, '480', 0, '2017-04-16', '2017-04-16'),
(611, 34, '100', 0, '2017-04-18', '2017-04-18'),
(612, 34, '100', 0, '2017-04-19', '2017-04-19'),
(613, 34, '100', 0, '2017-04-20', '2017-04-20'),
(614, 34, '95', 0, '2017-04-21', '2017-04-21'),
(615, 34, '95', 0, '2017-04-22', '2017-04-22'),
(616, 40, '100', 0, '2017-04-01', '2017-04-01'),
(617, 40, '100', 0, '2017-03-31', '2017-03-31'),
(618, 40, '0', 0, '2017-04-03', '2017-04-03'),
(619, 40, '370', 0, '2017-04-02', '2017-04-02'),
(620, 40, '85', 0, '2017-04-04', '2017-04-04'),
(621, 40, '85', 0, '2017-04-05', '2017-04-05'),
(622, 40, '100', 0, '2017-04-06', '2017-04-06'),
(623, 40, '85', 0, '2017-04-07', '2017-04-07'),
(624, 40, '85', 0, '2017-04-08', '2017-04-08'),
(625, 40, '100', 0, '2017-04-10', '2017-04-10'),
(626, 40, '195', 0, '2017-04-09', '2017-04-09'),
(627, 40, '95', 0, '2017-04-11', '2017-04-11'),
(628, 40, '0', 0, '2017-04-12', '2017-04-12'),
(629, 40, '0', 0, '2017-04-13', '2017-04-13'),
(630, 40, '0', 0, '2017-04-14', '2017-04-14'),
(631, 40, '0', 0, '2017-04-15', '2017-04-15'),
(632, 40, '85', 0, '2017-04-17', '2017-04-17'),
(633, 40, '480', 0, '2017-04-16', '2017-04-16'),
(634, 40, '100', 0, '2017-04-18', '2017-04-18'),
(635, 40, '100', 0, '2017-04-19', '2017-04-19'),
(636, 40, '100', 0, '2017-04-20', '2017-04-20'),
(637, 40, '95', 0, '2017-04-21', '2017-04-21'),
(638, 40, '95', 0, '2017-04-22', '2017-04-22'),
(639, 33, '100', 0, '2017-04-01', '2017-04-01'),
(640, 33, '100', 0, '2017-03-31', '2017-03-31'),
(641, 33, '0', 0, '2017-04-03', '2017-04-03'),
(642, 33, '370', 0, '2017-04-02', '2017-04-02'),
(643, 33, '85', 0, '2017-04-04', '2017-04-04'),
(644, 33, '85', 0, '2017-04-05', '2017-04-05'),
(645, 33, '100', 0, '2017-04-06', '2017-04-06'),
(646, 33, '85', 0, '2017-04-07', '2017-04-07'),
(647, 33, '85', 0, '2017-04-08', '2017-04-08'),
(648, 33, '100', 0, '2017-04-10', '2017-04-10'),
(649, 33, '195', 0, '2017-04-09', '2017-04-09'),
(650, 33, '95', 0, '2017-04-11', '2017-04-11'),
(651, 33, '0', 0, '2017-04-12', '2017-04-12'),
(652, 33, '0', 0, '2017-04-13', '2017-04-13'),
(653, 33, '0', 0, '2017-04-14', '2017-04-14'),
(654, 33, '0', 0, '2017-04-15', '2017-04-15'),
(655, 33, '85', 0, '2017-04-17', '2017-04-17'),
(656, 33, '480', 0, '2017-04-16', '2017-04-16'),
(657, 33, '100', 0, '2017-04-18', '2017-04-18'),
(658, 33, '100', 0, '2017-04-19', '2017-04-19'),
(659, 33, '100', 0, '2017-04-20', '2017-04-20'),
(660, 33, '95', 0, '2017-04-21', '2017-04-21'),
(661, 33, '95', 0, '2017-04-22', '2017-04-22'),
(662, 41, '100', 0, '2017-04-01', '2017-04-01'),
(663, 41, '100', 0, '2017-03-31', '2017-03-31'),
(664, 41, '0', 0, '2017-04-03', '2017-04-03'),
(665, 41, '370', 0, '2017-04-02', '2017-04-02'),
(666, 41, '85', 0, '2017-04-04', '2017-04-04'),
(667, 41, '85', 0, '2017-04-05', '2017-04-05'),
(668, 41, '100', 0, '2017-04-06', '2017-04-06'),
(669, 41, '85', 0, '2017-04-07', '2017-04-07'),
(670, 41, '85', 0, '2017-04-08', '2017-04-08'),
(671, 41, '100', 0, '2017-04-10', '2017-04-10'),
(672, 41, '195', 0, '2017-04-09', '2017-04-09'),
(673, 41, '95', 0, '2017-04-11', '2017-04-11'),
(674, 41, '0', 0, '2017-04-12', '2017-04-12'),
(675, 41, '0', 0, '2017-04-13', '2017-04-13'),
(676, 41, '0', 0, '2017-04-14', '2017-04-14'),
(677, 41, '0', 0, '2017-04-15', '2017-04-15'),
(678, 41, '85', 0, '2017-04-17', '2017-04-17'),
(679, 41, '480', 0, '2017-04-16', '2017-04-16'),
(680, 41, '100', 0, '2017-04-18', '2017-04-18'),
(681, 41, '100', 0, '2017-04-19', '2017-04-19'),
(682, 41, '100', 0, '2017-04-20', '2017-04-20'),
(683, 41, '95', 0, '2017-04-21', '2017-04-21'),
(684, 41, '95', 0, '2017-04-22', '2017-04-22'),
(685, 42, '100', 0, '2017-04-01', '2017-04-01'),
(686, 42, '100', 0, '2017-03-31', '2017-03-31'),
(687, 42, '0', 0, '2017-04-03', '2017-04-03'),
(688, 42, '370', 0, '2017-04-02', '2017-04-02'),
(689, 42, '85', 0, '2017-04-04', '2017-04-04'),
(690, 42, '85', 0, '2017-04-05', '2017-04-05'),
(691, 42, '100', 0, '2017-04-06', '2017-04-06'),
(692, 42, '85', 0, '2017-04-07', '2017-04-07'),
(693, 42, '85', 0, '2017-04-08', '2017-04-08'),
(694, 42, '100', 0, '2017-04-10', '2017-04-10'),
(695, 42, '195', 0, '2017-04-09', '2017-04-09'),
(696, 42, '95', 0, '2017-04-11', '2017-04-11'),
(697, 42, '0', 0, '2017-04-12', '2017-04-12'),
(698, 42, '0', 0, '2017-04-13', '2017-04-13'),
(699, 42, '0', 0, '2017-04-14', '2017-04-14'),
(700, 42, '0', 0, '2017-04-15', '2017-04-15'),
(701, 42, '85', 0, '2017-04-17', '2017-04-17'),
(702, 42, '480', 0, '2017-04-16', '2017-04-16'),
(703, 42, '100', 0, '2017-04-18', '2017-04-18'),
(704, 42, '100', 0, '2017-04-19', '2017-04-19'),
(705, 42, '100', 0, '2017-04-20', '2017-04-20'),
(706, 42, '95', 0, '2017-04-21', '2017-04-21'),
(707, 42, '95', 0, '2017-04-22', '2017-04-22'),
(708, 35, '100', 0, '2017-04-01', '2017-04-01'),
(709, 35, '100', 0, '2017-03-31', '2017-03-31'),
(710, 35, '0', 0, '2017-04-03', '2017-04-03'),
(711, 35, '370', 0, '2017-04-02', '2017-04-02'),
(712, 35, '85', 0, '2017-04-04', '2017-04-04'),
(713, 35, '85', 0, '2017-04-05', '2017-04-05'),
(714, 35, '100', 0, '2017-04-06', '2017-04-06'),
(715, 35, '85', 0, '2017-04-07', '2017-04-07'),
(716, 35, '85', 0, '2017-04-08', '2017-04-08'),
(717, 35, '100', 0, '2017-04-10', '2017-04-10'),
(718, 35, '195', 0, '2017-04-09', '2017-04-09'),
(719, 35, '95', 0, '2017-04-11', '2017-04-11'),
(720, 35, '0', 0, '2017-04-12', '2017-04-12'),
(721, 35, '0', 0, '2017-04-13', '2017-04-13'),
(722, 35, '0', 0, '2017-04-14', '2017-04-14'),
(723, 35, '0', 0, '2017-04-15', '2017-04-15'),
(724, 35, '85', 0, '2017-04-17', '2017-04-17'),
(725, 35, '480', 0, '2017-04-16', '2017-04-16'),
(726, 35, '100', 0, '2017-04-18', '2017-04-18'),
(727, 35, '100', 0, '2017-04-19', '2017-04-19'),
(728, 35, '100', 0, '2017-04-20', '2017-04-20'),
(729, 35, '95', 0, '2017-04-21', '2017-04-21'),
(730, 35, '95', 0, '2017-04-22', '2017-04-22'),
(731, 43, '100', 0, '2017-04-01', '2017-04-01'),
(732, 43, '100', 0, '2017-03-31', '2017-03-31'),
(733, 43, '0', 0, '2017-04-03', '2017-04-03'),
(734, 43, '370', 0, '2017-04-02', '2017-04-02'),
(735, 43, '85', 0, '2017-04-04', '2017-04-04'),
(736, 43, '85', 0, '2017-04-05', '2017-04-05'),
(737, 43, '100', 0, '2017-04-06', '2017-04-06'),
(738, 43, '85', 0, '2017-04-07', '2017-04-07'),
(739, 43, '85', 0, '2017-04-08', '2017-04-08'),
(740, 43, '100', 0, '2017-04-10', '2017-04-10'),
(741, 43, '195', 0, '2017-04-09', '2017-04-09'),
(742, 43, '95', 0, '2017-04-11', '2017-04-11'),
(743, 43, '0', 0, '2017-04-12', '2017-04-12'),
(744, 43, '0', 0, '2017-04-13', '2017-04-13'),
(745, 43, '0', 0, '2017-04-14', '2017-04-14'),
(746, 43, '0', 0, '2017-04-15', '2017-04-15'),
(747, 43, '85', 0, '2017-04-17', '2017-04-17'),
(748, 43, '480', 0, '2017-04-16', '2017-04-16'),
(749, 43, '100', 0, '2017-04-18', '2017-04-18'),
(750, 43, '100', 0, '2017-04-19', '2017-04-19'),
(751, 43, '100', 0, '2017-04-20', '2017-04-20'),
(752, 43, '95', 0, '2017-04-21', '2017-04-21'),
(753, 43, '95', 0, '2017-04-22', '2017-04-22'),
(754, 36, '100', 0, '2017-04-01', '2017-04-01'),
(755, 36, '100', 0, '2017-03-31', '2017-03-31'),
(756, 36, '0', 0, '2017-04-03', '2017-04-03'),
(757, 36, '370', 0, '2017-04-02', '2017-04-02'),
(758, 36, '85', 0, '2017-04-04', '2017-04-04'),
(759, 36, '85', 0, '2017-04-05', '2017-04-05'),
(760, 36, '100', 0, '2017-04-06', '2017-04-06'),
(761, 36, '85', 0, '2017-04-07', '2017-04-07'),
(762, 36, '85', 0, '2017-04-08', '2017-04-08'),
(763, 36, '100', 0, '2017-04-10', '2017-04-10'),
(764, 36, '195', 0, '2017-04-09', '2017-04-09'),
(765, 36, '95', 0, '2017-04-11', '2017-04-11'),
(766, 36, '0', 0, '2017-04-12', '2017-04-12'),
(767, 36, '0', 0, '2017-04-13', '2017-04-13'),
(768, 36, '0', 0, '2017-04-14', '2017-04-14'),
(769, 36, '0', 0, '2017-04-15', '2017-04-15'),
(770, 36, '85', 0, '2017-04-17', '2017-04-17'),
(771, 36, '480', 0, '2017-04-16', '2017-04-16'),
(772, 36, '100', 0, '2017-04-18', '2017-04-18'),
(773, 36, '100', 0, '2017-04-19', '2017-04-19'),
(774, 36, '100', 0, '2017-04-20', '2017-04-20'),
(775, 36, '95', 0, '2017-04-21', '2017-04-21'),
(776, 36, '95', 0, '2017-04-22', '2017-04-22'),
(777, 31, '100', 0, '2017-04-01', '2017-04-01'),
(778, 31, '100', 0, '2017-03-31', '2017-03-31'),
(779, 31, '0', 0, '2017-04-03', '2017-04-03'),
(780, 31, '370', 0, '2017-04-02', '2017-04-02'),
(781, 31, '85', 0, '2017-04-04', '2017-04-04'),
(782, 31, '85', 0, '2017-04-05', '2017-04-05'),
(783, 31, '100', 0, '2017-04-06', '2017-04-06'),
(784, 31, '85', 0, '2017-04-07', '2017-04-07'),
(785, 31, '85', 0, '2017-04-08', '2017-04-08'),
(786, 31, '100', 0, '2017-04-10', '2017-04-10'),
(787, 31, '195', 0, '2017-04-09', '2017-04-09'),
(788, 31, '95', 0, '2017-04-11', '2017-04-11'),
(789, 31, '0', 0, '2017-04-12', '2017-04-12'),
(790, 31, '0', 0, '2017-04-13', '2017-04-13'),
(791, 31, '0', 0, '2017-04-14', '2017-04-14'),
(792, 31, '0', 0, '2017-04-15', '2017-04-15'),
(793, 31, '85', 0, '2017-04-17', '2017-04-17'),
(794, 31, '480', 0, '2017-04-16', '2017-04-16'),
(795, 31, '100', 0, '2017-04-18', '2017-04-18'),
(796, 31, '100', 0, '2017-04-19', '2017-04-19'),
(797, 31, '100', 0, '2017-04-20', '2017-04-20'),
(798, 31, '95', 0, '2017-04-21', '2017-04-21'),
(799, 31, '95', 0, '2017-04-22', '2017-04-22'),
(800, 38, '100', 0, '2017-04-01', '2017-04-01'),
(801, 38, '100', 0, '2017-03-31', '2017-03-31'),
(802, 38, '0', 0, '2017-04-03', '2017-04-03'),
(803, 38, '370', 0, '2017-04-02', '2017-04-02'),
(804, 38, '85', 0, '2017-04-04', '2017-04-04'),
(805, 38, '85', 0, '2017-04-05', '2017-04-05'),
(806, 38, '100', 0, '2017-04-06', '2017-04-06'),
(807, 38, '85', 0, '2017-04-07', '2017-04-07'),
(808, 38, '85', 0, '2017-04-08', '2017-04-08'),
(809, 38, '100', 0, '2017-04-10', '2017-04-10'),
(810, 38, '195', 0, '2017-04-09', '2017-04-09'),
(811, 38, '95', 0, '2017-04-11', '2017-04-11'),
(812, 38, '0', 0, '2017-04-12', '2017-04-12'),
(813, 38, '0', 0, '2017-04-13', '2017-04-13'),
(814, 38, '0', 0, '2017-04-14', '2017-04-14'),
(815, 38, '0', 0, '2017-04-15', '2017-04-15'),
(816, 38, '85', 0, '2017-04-17', '2017-04-17'),
(817, 38, '480', 0, '2017-04-16', '2017-04-16'),
(818, 38, '100', 0, '2017-04-18', '2017-04-18'),
(819, 38, '100', 0, '2017-04-19', '2017-04-19'),
(820, 38, '100', 0, '2017-04-20', '2017-04-20'),
(821, 38, '95', 0, '2017-04-21', '2017-04-21'),
(822, 38, '95', 0, '2017-04-22', '2017-04-22'),
(823, 69, '100', 0, '2017-04-01', '2017-04-01'),
(824, 69, '100', 0, '2017-03-31', '2017-03-31'),
(825, 69, '0', 0, '2017-04-03', '2017-04-03'),
(826, 69, '370', 0, '2017-04-02', '2017-04-02'),
(827, 69, '85', 0, '2017-04-04', '2017-04-04'),
(828, 69, '85', 0, '2017-04-05', '2017-04-05'),
(829, 69, '100', 0, '2017-04-06', '2017-04-06'),
(830, 69, '85', 0, '2017-04-07', '2017-04-07'),
(831, 69, '85', 0, '2017-04-08', '2017-04-08'),
(832, 69, '100', 0, '2017-04-10', '2017-04-10'),
(833, 69, '195', 0, '2017-04-09', '2017-04-09'),
(834, 69, '95', 0, '2017-04-11', '2017-04-11'),
(835, 69, '0', 0, '2017-04-12', '2017-04-12'),
(836, 69, '0', 0, '2017-04-13', '2017-04-13'),
(837, 69, '0', 0, '2017-04-14', '2017-04-14'),
(838, 69, '0', 0, '2017-04-15', '2017-04-15'),
(839, 69, '85', 0, '2017-04-17', '2017-04-17'),
(840, 69, '480', 0, '2017-04-16', '2017-04-16'),
(841, 69, '100', 0, '2017-04-18', '2017-04-18'),
(842, 69, '100', 0, '2017-04-19', '2017-04-19'),
(843, 69, '100', 0, '2017-04-20', '2017-04-20'),
(844, 69, '95', 0, '2017-04-21', '2017-04-21'),
(845, 69, '95', 0, '2017-04-22', '2017-04-22'),
(846, 70, '0', 0, '2017-04-01', '2017-04-01'),
(847, 70, '0', 0, '2017-03-31', '2017-03-31'),
(848, 70, '0', 0, '2017-04-17', '2017-04-17'),
(849, 70, '300', 0, '2017-04-16', '2017-04-16'),
(850, 70, '0', 0, '2017-04-18', '2017-04-18'),
(851, 70, '100', 0, '2017-04-19', '2017-04-19'),
(852, 70, '100', 0, '2017-04-20', '2017-04-20'),
(853, 70, '100', 0, '2017-04-21', '2017-04-21'),
(854, 70, '100', 0, '2017-04-22', '2017-04-22'),
(855, 70, '0', 0, '2017-04-03', '2017-04-03'),
(856, 70, '0', 0, '2017-04-02', '2017-04-02'),
(857, 70, '0', 0, '2017-04-04', '2017-04-04'),
(858, 70, '0', 0, '2017-04-05', '2017-04-05'),
(859, 70, '0', 0, '2017-04-06', '2017-04-06'),
(860, 70, '0', 0, '2017-04-07', '2017-04-07'),
(861, 70, '0', 0, '2017-04-08', '2017-04-08'),
(862, 70, '0', 0, '2017-04-10', '2017-04-10'),
(863, 70, '0', 0, '2017-04-09', '2017-04-09'),
(864, 70, '0', 0, '2017-04-11', '2017-04-11'),
(865, 70, '0', 0, '2017-04-12', '2017-04-12'),
(866, 70, '0', 0, '2017-04-13', '2017-04-13'),
(867, 70, '0', 0, '2017-04-14', '2017-04-14'),
(868, 70, '0', 0, '2017-04-15', '2017-04-15'),
(869, 71, '100', 0, '2017-04-19', '2017-04-19'),
(870, 71, '300', 0, '2017-04-16', '2017-04-16'),
(871, 71, '100', 0, '2017-04-20', '2017-04-20'),
(872, 71, '100', 0, '2017-04-21', '2017-04-21'),
(873, 71, '100', 0, '2017-04-22', '2017-04-22'),
(874, 71, '0', 0, '2017-04-17', '2017-04-17'),
(875, 71, '0', 0, '2017-04-18', '2017-04-18'),
(876, 46, '100', 0, '2017-04-01', '2017-04-01'),
(877, 46, '100', 0, '2017-03-31', '2017-03-31'),
(878, 46, '0', 0, '2017-04-03', '2017-04-03'),
(879, 46, '85', 0, '2017-04-02', '2017-04-02'),
(880, 46, '85', 0, '2017-04-04', '2017-04-04'),
(881, 46, '0', 0, '2017-04-05', '2017-04-05'),
(882, 46, '0', 0, '2017-04-06', '2017-04-06'),
(883, 46, '0', 0, '2017-04-07', '2017-04-07'),
(884, 46, '0', 0, '2017-04-08', '2017-04-08'),
(885, 46, '100', 0, '2017-04-10', '2017-04-10'),
(886, 46, '285', 0, '2017-04-09', '2017-04-09'),
(887, 46, '100', 0, '2017-04-11', '2017-04-11'),
(888, 46, '85', 0, '2017-04-12', '2017-04-12'),
(889, 46, '0', 0, '2017-04-13', '2017-04-13'),
(890, 46, '0', 0, '2017-04-14', '2017-04-14'),
(891, 46, '0', 0, '2017-04-15', '2017-04-15'),
(892, 46, '95', 0, '2017-04-17', '2017-04-17'),
(893, 46, '495', 0, '2017-04-16', '2017-04-16'),
(894, 46, '100', 0, '2017-04-18', '2017-04-18'),
(895, 46, '100', 0, '2017-04-19', '2017-04-19'),
(896, 46, '100', 0, '2017-04-20', '2017-04-20'),
(897, 46, '100', 0, '2017-04-21', '2017-04-21'),
(898, 46, '100', 0, '2017-04-22', '2017-04-22'),
(899, 72, '100', 0, '2017-04-01', '2017-04-01'),
(900, 72, '100', 0, '2017-03-31', '2017-03-31'),
(901, 72, '0', 0, '2017-04-03', '2017-04-03'),
(902, 72, '85', 0, '2017-04-02', '2017-04-02'),
(903, 72, '85', 0, '2017-04-04', '2017-04-04'),
(904, 72, '0', 0, '2017-04-05', '2017-04-05'),
(905, 72, '0', 0, '2017-04-06', '2017-04-06'),
(906, 72, '0', 0, '2017-04-07', '2017-04-07'),
(907, 72, '0', 0, '2017-04-08', '2017-04-08'),
(908, 72, '100', 0, '2017-04-10', '2017-04-10'),
(909, 72, '285', 0, '2017-04-09', '2017-04-09'),
(910, 72, '100', 0, '2017-04-11', '2017-04-11'),
(911, 72, '85', 0, '2017-04-12', '2017-04-12'),
(912, 72, '0', 0, '2017-04-13', '2017-04-13'),
(913, 72, '0', 0, '2017-04-14', '2017-04-14'),
(914, 72, '0', 0, '2017-04-15', '2017-04-15'),
(915, 72, '95', 0, '2017-04-17', '2017-04-17'),
(916, 72, '495', 0, '2017-04-16', '2017-04-16'),
(917, 72, '100', 0, '2017-04-18', '2017-04-18'),
(918, 72, '100', 0, '2017-04-19', '2017-04-19'),
(919, 72, '100', 0, '2017-04-20', '2017-04-20'),
(920, 72, '100', 0, '2017-04-21', '2017-04-21'),
(921, 72, '100', 0, '2017-04-22', '2017-04-22'),
(922, 73, '100', 0, '2017-04-01', '2017-04-01'),
(923, 73, '100', 0, '2017-03-31', '2017-03-31'),
(924, 73, '0', 0, '2017-04-03', '2017-04-03'),
(925, 73, '85', 0, '2017-04-02', '2017-04-02'),
(926, 73, '85', 0, '2017-04-04', '2017-04-04'),
(927, 73, '0', 0, '2017-04-05', '2017-04-05'),
(928, 73, '0', 0, '2017-04-06', '2017-04-06'),
(929, 73, '0', 0, '2017-04-07', '2017-04-07'),
(930, 73, '0', 0, '2017-04-08', '2017-04-08'),
(931, 73, '100', 0, '2017-04-10', '2017-04-10'),
(932, 73, '285', 0, '2017-04-09', '2017-04-09'),
(933, 73, '100', 0, '2017-04-11', '2017-04-11'),
(934, 73, '85', 0, '2017-04-12', '2017-04-12'),
(935, 73, '0', 0, '2017-04-13', '2017-04-13'),
(936, 73, '0', 0, '2017-04-14', '2017-04-14'),
(937, 73, '0', 0, '2017-04-15', '2017-04-15'),
(938, 73, '95', 0, '2017-04-17', '2017-04-17'),
(939, 73, '495', 0, '2017-04-16', '2017-04-16'),
(940, 73, '100', 0, '2017-04-18', '2017-04-18'),
(941, 73, '100', 0, '2017-04-19', '2017-04-19'),
(942, 73, '100', 0, '2017-04-20', '2017-04-20'),
(943, 73, '100', 0, '2017-04-21', '2017-04-21'),
(944, 73, '100', 0, '2017-04-22', '2017-04-22'),
(945, 22, '85', 0, '2017-04-24', '2017-04-24'),
(946, 22, '575', 0, '2017-04-23', '2017-04-23'),
(947, 22, '100', 0, '2017-04-27', '2017-04-27'),
(948, 22, '95', 0, '2017-04-28', '2017-04-28'),
(949, 22, '100', 0, '2017-04-29', '2017-04-29'),
(950, 22, '100', 0, '2017-04-26', '2017-04-26'),
(951, 47, '100', 0, '2017-04-01', '2017-04-01'),
(952, 47, '100', 0, '2017-03-31', '2017-03-31'),
(953, 47, '0', 0, '2017-04-03', '2017-04-03'),
(954, 47, '85', 0, '2017-04-02', '2017-04-02'),
(955, 47, '85', 0, '2017-04-04', '2017-04-04'),
(956, 47, '0', 0, '2017-04-05', '2017-04-05'),
(957, 47, '0', 0, '2017-04-06', '2017-04-06'),
(958, 47, '0', 0, '2017-04-07', '2017-04-07'),
(959, 47, '0', 0, '2017-04-08', '2017-04-08'),
(960, 47, '100', 0, '2017-04-10', '2017-04-10'),
(961, 47, '285', 0, '2017-04-09', '2017-04-09'),
(962, 47, '100', 0, '2017-04-11', '2017-04-11'),
(963, 47, '85', 0, '2017-04-12', '2017-04-12'),
(964, 47, '0', 0, '2017-04-13', '2017-04-13'),
(965, 47, '0', 0, '2017-04-14', '2017-04-14'),
(966, 47, '0', 0, '2017-04-15', '2017-04-15'),
(967, 47, '95', 0, '2017-04-17', '2017-04-17'),
(968, 47, '495', 0, '2017-04-16', '2017-04-16'),
(969, 47, '100', 0, '2017-04-18', '2017-04-18'),
(970, 47, '100', 0, '2017-04-19', '2017-04-19'),
(971, 47, '100', 0, '2017-04-20', '2017-04-20'),
(972, 47, '100', 0, '2017-04-21', '2017-04-21'),
(973, 47, '100', 0, '2017-04-22', '2017-04-22'),
(974, 48, '100', 0, '2017-04-01', '2017-04-01'),
(975, 48, '100', 0, '2017-03-31', '2017-03-31'),
(976, 48, '0', 0, '2017-04-03', '2017-04-03'),
(977, 48, '85', 0, '2017-04-02', '2017-04-02'),
(978, 48, '85', 0, '2017-04-04', '2017-04-04'),
(979, 48, '0', 0, '2017-04-05', '2017-04-05'),
(980, 48, '0', 0, '2017-04-06', '2017-04-06'),
(981, 48, '0', 0, '2017-04-07', '2017-04-07'),
(982, 48, '0', 0, '2017-04-08', '2017-04-08'),
(983, 48, '100', 0, '2017-04-10', '2017-04-10'),
(984, 48, '285', 0, '2017-04-09', '2017-04-09'),
(985, 48, '100', 0, '2017-04-11', '2017-04-11'),
(986, 48, '85', 0, '2017-04-12', '2017-04-12'),
(987, 48, '0', 0, '2017-04-13', '2017-04-13'),
(988, 48, '0', 0, '2017-04-14', '2017-04-14'),
(989, 48, '0', 0, '2017-04-15', '2017-04-15'),
(990, 48, '95', 0, '2017-04-17', '2017-04-17'),
(991, 48, '495', 0, '2017-04-16', '2017-04-16'),
(992, 48, '100', 0, '2017-04-18', '2017-04-18'),
(993, 48, '100', 0, '2017-04-19', '2017-04-19'),
(994, 48, '100', 0, '2017-04-20', '2017-04-20'),
(995, 48, '100', 0, '2017-04-21', '2017-04-21'),
(996, 48, '100', 0, '2017-04-22', '2017-04-22'),
(997, 52, '100', 0, '2017-04-01', '2017-04-01'),
(998, 52, '100', 0, '2017-03-31', '2017-03-31'),
(999, 52, '0', 0, '2017-04-03', '2017-04-03'),
(1000, 52, '85', 0, '2017-04-02', '2017-04-02'),
(1001, 52, '85', 0, '2017-04-04', '2017-04-04'),
(1002, 52, '0', 0, '2017-04-05', '2017-04-05'),
(1003, 52, '0', 0, '2017-04-06', '2017-04-06'),
(1004, 52, '0', 0, '2017-04-07', '2017-04-07'),
(1005, 52, '0', 0, '2017-04-08', '2017-04-08'),
(1006, 52, '100', 0, '2017-04-10', '2017-04-10'),
(1007, 52, '285', 0, '2017-04-09', '2017-04-09'),
(1008, 52, '100', 0, '2017-04-11', '2017-04-11'),
(1009, 52, '85', 0, '2017-04-12', '2017-04-12'),
(1010, 52, '0', 0, '2017-04-13', '2017-04-13'),
(1011, 52, '0', 0, '2017-04-14', '2017-04-14'),
(1012, 52, '0', 0, '2017-04-15', '2017-04-15'),
(1013, 52, '95', 0, '2017-04-17', '2017-04-17'),
(1014, 52, '495', 0, '2017-04-16', '2017-04-16'),
(1015, 52, '100', 0, '2017-04-18', '2017-04-18'),
(1016, 52, '100', 0, '2017-04-19', '2017-04-19'),
(1017, 52, '100', 0, '2017-04-20', '2017-04-20'),
(1018, 52, '100', 0, '2017-04-21', '2017-04-21'),
(1019, 52, '100', 0, '2017-04-22', '2017-04-22'),
(1020, 50, '85', 0, '2017-04-17', '2017-04-17'),
(1021, 50, '480', 0, '2017-04-16', '2017-04-16'),
(1022, 50, '100', 0, '2017-04-18', '2017-04-18'),
(1023, 50, '100', 0, '2017-04-19', '2017-04-19'),
(1024, 50, '100', 0, '2017-04-20', '2017-04-20'),
(1025, 50, '95', 0, '2017-04-21', '2017-04-21'),
(1026, 50, '95', 0, '2017-04-22', '2017-04-22'),
(1027, 50, '100', 0, '2017-04-01', '2017-04-01'),
(1028, 50, '100', 0, '2017-03-31', '2017-03-31'),
(1029, 50, '0', 0, '2017-04-03', '2017-04-03'),
(1030, 50, '85', 0, '2017-04-02', '2017-04-02'),
(1031, 50, '85', 0, '2017-04-04', '2017-04-04'),
(1032, 50, '0', 0, '2017-04-05', '2017-04-05'),
(1033, 50, '0', 0, '2017-04-06', '2017-04-06'),
(1034, 50, '0', 0, '2017-04-07', '2017-04-07'),
(1035, 50, '0', 0, '2017-04-08', '2017-04-08'),
(1036, 50, '100', 0, '2017-04-10', '2017-04-10'),
(1037, 50, '285', 0, '2017-04-09', '2017-04-09'),
(1038, 50, '100', 0, '2017-04-11', '2017-04-11'),
(1039, 50, '85', 0, '2017-04-12', '2017-04-12'),
(1040, 50, '0', 0, '2017-04-13', '2017-04-13'),
(1041, 50, '0', 0, '2017-04-14', '2017-04-14'),
(1042, 50, '0', 0, '2017-04-15', '2017-04-15'),
(1043, 29, '100', 0, '2017-04-01', '2017-04-01'),
(1044, 29, '100', 0, '2017-03-31', '2017-03-31'),
(1045, 29, '0', 0, '2017-04-03', '2017-04-03'),
(1046, 29, '370', 0, '2017-04-02', '2017-04-02'),
(1047, 29, '85', 0, '2017-04-04', '2017-04-04'),
(1048, 29, '85', 0, '2017-04-05', '2017-04-05'),
(1049, 29, '100', 0, '2017-04-06', '2017-04-06'),
(1050, 29, '85', 0, '2017-04-07', '2017-04-07'),
(1051, 29, '85', 0, '2017-04-08', '2017-04-08'),
(1052, 29, '100', 0, '2017-04-10', '2017-04-10'),
(1053, 29, '195', 0, '2017-04-09', '2017-04-09'),
(1054, 29, '95', 0, '2017-04-11', '2017-04-11'),
(1055, 29, '0', 0, '2017-04-12', '2017-04-12'),
(1056, 29, '0', 0, '2017-04-13', '2017-04-13'),
(1057, 29, '0', 0, '2017-04-14', '2017-04-14'),
(1058, 29, '0', 0, '2017-04-15', '2017-04-15'),
(1059, 29, '85', 0, '2017-04-17', '2017-04-17'),
(1060, 29, '480', 0, '2017-04-16', '2017-04-16'),
(1061, 29, '100', 0, '2017-04-18', '2017-04-18'),
(1062, 29, '100', 0, '2017-04-19', '2017-04-19'),
(1063, 29, '100', 0, '2017-04-20', '2017-04-20'),
(1064, 29, '95', 0, '2017-04-21', '2017-04-21'),
(1065, 29, '95', 0, '2017-04-22', '2017-04-22'),
(1066, 74, '100', 0, '2017-04-01', '2017-04-01'),
(1067, 74, '100', 0, '2017-03-31', '2017-03-31'),
(1068, 74, '0', 0, '2017-04-03', '2017-04-03'),
(1069, 74, '85', 0, '2017-04-02', '2017-04-02'),
(1070, 74, '85', 0, '2017-04-04', '2017-04-04'),
(1071, 74, '0', 0, '2017-04-05', '2017-04-05'),
(1072, 74, '0', 0, '2017-04-06', '2017-04-06'),
(1073, 74, '0', 0, '2017-04-07', '2017-04-07'),
(1074, 74, '0', 0, '2017-04-08', '2017-04-08'),
(1075, 74, '100', 0, '2017-04-10', '2017-04-10'),
(1076, 74, '285', 0, '2017-04-09', '2017-04-09'),
(1077, 74, '100', 0, '2017-04-11', '2017-04-11'),
(1078, 74, '85', 0, '2017-04-12', '2017-04-12'),
(1079, 74, '0', 0, '2017-04-13', '2017-04-13'),
(1080, 74, '0', 0, '2017-04-14', '2017-04-14'),
(1081, 74, '0', 0, '2017-04-15', '2017-04-15'),
(1082, 74, '95', 0, '2017-04-17', '2017-04-17'),
(1083, 74, '495', 0, '2017-04-16', '2017-04-16'),
(1084, 74, '100', 0, '2017-04-18', '2017-04-18');
INSERT INTO `calendar` (`Id`, `IdTb`, `title`, `puntos`, `start`, `end`) VALUES
(1085, 74, '100', 0, '2017-04-19', '2017-04-19'),
(1086, 74, '100', 0, '2017-04-20', '2017-04-20'),
(1087, 74, '100', 0, '2017-04-21', '2017-04-21'),
(1088, 74, '100', 0, '2017-04-22', '2017-04-22'),
(1089, 75, '100', 0, '2017-04-01', '2017-04-01'),
(1090, 75, '100', 0, '2017-03-31', '2017-03-31'),
(1091, 75, '0', 0, '2017-04-03', '2017-04-03'),
(1092, 75, '85', 0, '2017-04-02', '2017-04-02'),
(1093, 75, '85', 0, '2017-04-04', '2017-04-04'),
(1094, 75, '0', 0, '2017-04-05', '2017-04-05'),
(1095, 75, '0', 0, '2017-04-06', '2017-04-06'),
(1096, 75, '0', 0, '2017-04-07', '2017-04-07'),
(1097, 75, '0', 0, '2017-04-08', '2017-04-08'),
(1098, 75, '100', 0, '2017-04-10', '2017-04-10'),
(1099, 75, '285', 0, '2017-04-09', '2017-04-09'),
(1100, 75, '100', 0, '2017-04-11', '2017-04-11'),
(1101, 75, '85', 0, '2017-04-12', '2017-04-12'),
(1102, 75, '0', 0, '2017-04-13', '2017-04-13'),
(1103, 75, '0', 0, '2017-04-14', '2017-04-14'),
(1104, 75, '0', 0, '2017-04-15', '2017-04-15'),
(1105, 75, '95', 0, '2017-04-17', '2017-04-17'),
(1106, 75, '495', 0, '2017-04-16', '2017-04-16'),
(1107, 75, '100', 0, '2017-04-18', '2017-04-18'),
(1108, 75, '100', 0, '2017-04-19', '2017-04-19'),
(1109, 75, '100', 0, '2017-04-20', '2017-04-20'),
(1110, 75, '100', 0, '2017-04-21', '2017-04-21'),
(1111, 75, '100', 0, '2017-04-22', '2017-04-22'),
(1112, 49, '100', 0, '2017-04-01', '2017-04-01'),
(1113, 49, '100', 0, '2017-03-31', '2017-03-31'),
(1114, 49, '0', 0, '2017-04-03', '2017-04-03'),
(1115, 49, '85', 0, '2017-04-02', '2017-04-02'),
(1116, 49, '85', 0, '2017-04-04', '2017-04-04'),
(1117, 49, '0', 0, '2017-04-05', '2017-04-05'),
(1118, 49, '0', 0, '2017-04-06', '2017-04-06'),
(1119, 49, '0', 0, '2017-04-07', '2017-04-07'),
(1120, 49, '0', 0, '2017-04-08', '2017-04-08'),
(1121, 49, '100', 0, '2017-04-10', '2017-04-10'),
(1122, 49, '285', 0, '2017-04-09', '2017-04-09'),
(1123, 49, '100', 0, '2017-04-11', '2017-04-11'),
(1124, 49, '85', 0, '2017-04-12', '2017-04-12'),
(1125, 49, '0', 0, '2017-04-13', '2017-04-13'),
(1126, 49, '0', 0, '2017-04-14', '2017-04-14'),
(1127, 49, '0', 0, '2017-04-15', '2017-04-15'),
(1128, 49, '95', 0, '2017-04-17', '2017-04-17'),
(1129, 49, '495', 0, '2017-04-16', '2017-04-16'),
(1130, 49, '100', 0, '2017-04-18', '2017-04-18'),
(1131, 49, '100', 0, '2017-04-19', '2017-04-19'),
(1132, 49, '100', 0, '2017-04-20', '2017-04-20'),
(1133, 49, '100', 0, '2017-04-21', '2017-04-21'),
(1134, 49, '100', 0, '2017-04-22', '2017-04-22'),
(1135, 76, '100', 0, '2017-04-01', '2017-04-01'),
(1136, 76, '100', 0, '2017-03-31', '2017-03-31'),
(1137, 76, '0', 0, '2017-04-03', '2017-04-03'),
(1138, 76, '85', 0, '2017-04-02', '2017-04-02'),
(1139, 76, '85', 0, '2017-04-04', '2017-04-04'),
(1140, 76, '0', 0, '2017-04-05', '2017-04-05'),
(1141, 76, '0', 0, '2017-04-06', '2017-04-06'),
(1142, 76, '0', 0, '2017-04-07', '2017-04-07'),
(1143, 76, '0', 0, '2017-04-08', '2017-04-08'),
(1144, 76, '100', 0, '2017-04-10', '2017-04-10'),
(1145, 76, '285', 0, '2017-04-09', '2017-04-09'),
(1146, 76, '100', 0, '2017-04-11', '2017-04-11'),
(1147, 76, '85', 0, '2017-04-12', '2017-04-12'),
(1148, 76, '0', 0, '2017-04-13', '2017-04-13'),
(1149, 76, '0', 0, '2017-04-14', '2017-04-14'),
(1150, 76, '0', 0, '2017-04-15', '2017-04-15'),
(1151, 76, '95', 0, '2017-04-17', '2017-04-17'),
(1152, 76, '495', 0, '2017-04-16', '2017-04-16'),
(1153, 76, '100', 0, '2017-04-18', '2017-04-18'),
(1154, 76, '100', 0, '2017-04-19', '2017-04-19'),
(1155, 76, '100', 0, '2017-04-20', '2017-04-20'),
(1156, 76, '100', 0, '2017-04-21', '2017-04-21'),
(1157, 76, '100', 0, '2017-04-22', '2017-04-22'),
(1158, 58, '0', 0, '2017-04-15', '2017-04-15'),
(1159, 58, '0', 0, '2017-04-14', '2017-04-14'),
(1160, 58, '95', 0, '2017-04-17', '2017-04-17'),
(1161, 58, '495', 0, '2017-04-16', '2017-04-16'),
(1162, 58, '100', 0, '2017-04-18', '2017-04-18'),
(1163, 58, '100', 0, '2017-04-19', '2017-04-19'),
(1164, 58, '100', 0, '2017-04-20', '2017-04-20'),
(1165, 58, '100', 0, '2017-04-21', '2017-04-21'),
(1166, 58, '100', 0, '2017-04-22', '2017-04-22'),
(1167, 58, '0', 0, '2017-04-01', '2017-04-01'),
(1168, 58, '0', 0, '2017-03-31', '2017-03-31'),
(1169, 58, '0', 0, '2017-04-03', '2017-04-03'),
(1170, 58, '195', 0, '2017-04-02', '2017-04-02'),
(1171, 58, '95', 0, '2017-04-04', '2017-04-04'),
(1172, 58, '100', 0, '2017-04-05', '2017-04-05'),
(1173, 58, '0', 0, '2017-04-06', '2017-04-06'),
(1174, 58, '0', 0, '2017-04-07', '2017-04-07'),
(1175, 58, '0', 0, '2017-04-08', '2017-04-08'),
(1176, 58, '100', 0, '2017-04-10', '2017-04-10'),
(1177, 58, '300', 0, '2017-04-09', '2017-04-09'),
(1178, 58, '100', 0, '2017-04-11', '2017-04-11'),
(1179, 58, '100', 0, '2017-04-12', '2017-04-12'),
(1180, 58, '0', 0, '2017-04-13', '2017-04-13'),
(1181, 77, '100', 0, '2017-04-01', '2017-04-01'),
(1182, 77, '100', 0, '2017-03-31', '2017-03-31'),
(1183, 77, '0', 0, '2017-04-03', '2017-04-03'),
(1184, 77, '85', 0, '2017-04-02', '2017-04-02'),
(1185, 77, '85', 0, '2017-04-04', '2017-04-04'),
(1186, 77, '0', 0, '2017-04-05', '2017-04-05'),
(1187, 77, '0', 0, '2017-04-06', '2017-04-06'),
(1188, 77, '0', 0, '2017-04-07', '2017-04-07'),
(1189, 77, '0', 0, '2017-04-08', '2017-04-08'),
(1190, 77, '100', 0, '2017-04-10', '2017-04-10'),
(1191, 77, '285', 0, '2017-04-09', '2017-04-09'),
(1192, 77, '100', 0, '2017-04-11', '2017-04-11'),
(1193, 77, '85', 0, '2017-04-12', '2017-04-12'),
(1194, 77, '0', 0, '2017-04-13', '2017-04-13'),
(1195, 77, '0', 0, '2017-04-14', '2017-04-14'),
(1196, 77, '0', 0, '2017-04-15', '2017-04-15'),
(1197, 77, '95', 0, '2017-04-17', '2017-04-17'),
(1198, 77, '495', 0, '2017-04-16', '2017-04-16'),
(1199, 77, '100', 0, '2017-04-18', '2017-04-18'),
(1200, 77, '100', 0, '2017-04-19', '2017-04-19'),
(1201, 77, '100', 0, '2017-04-20', '2017-04-20'),
(1202, 77, '100', 0, '2017-04-21', '2017-04-21'),
(1203, 77, '100', 0, '2017-04-22', '2017-04-22'),
(1204, 78, '0', 0, '2017-04-01', '2017-04-01'),
(1205, 78, '0', 0, '2017-03-31', '2017-03-31'),
(1206, 78, '0', 0, '2017-04-03', '2017-04-03'),
(1207, 78, '0', 0, '2017-04-02', '2017-04-02'),
(1208, 78, '0', 0, '2017-04-04', '2017-04-04'),
(1209, 78, '0', 0, '2017-04-05', '2017-04-05'),
(1210, 78, '0', 0, '2017-04-06', '2017-04-06'),
(1211, 78, '0', 0, '2017-04-07', '2017-04-07'),
(1212, 78, '0', 0, '2017-04-08', '2017-04-08'),
(1213, 78, '0', 0, '2017-04-10', '2017-04-10'),
(1214, 78, '0', 0, '2017-04-09', '2017-04-09'),
(1215, 78, '0', 0, '2017-04-11', '2017-04-11'),
(1216, 78, '0', 0, '2017-04-12', '2017-04-12'),
(1217, 78, '0', 0, '2017-04-13', '2017-04-13'),
(1218, 78, '0', 0, '2017-04-14', '2017-04-14'),
(1219, 78, '0', 0, '2017-04-15', '2017-04-15'),
(1220, 78, '0', 0, '2017-04-17', '2017-04-17'),
(1221, 78, '300', 0, '2017-04-16', '2017-04-16'),
(1222, 78, '0', 0, '2017-04-18', '2017-04-18'),
(1223, 78, '100', 0, '2017-04-19', '2017-04-19'),
(1224, 78, '100', 0, '2017-04-20', '2017-04-20'),
(1225, 78, '100', 0, '2017-04-21', '2017-04-21'),
(1226, 78, '100', 0, '2017-04-22', '2017-04-22'),
(1227, 4, '0', 0, '2017-04-01', '2017-04-01'),
(1228, 4, '0', 0, '2017-03-31', '2017-03-31'),
(1229, 4, '0', 0, '2017-04-03', '2017-04-03'),
(1230, 4, '195', 0, '2017-04-02', '2017-04-02'),
(1231, 4, '95', 0, '2017-04-04', '2017-04-04'),
(1232, 4, '100', 0, '2017-04-05', '2017-04-05'),
(1233, 4, '0', 0, '2017-04-06', '2017-04-06'),
(1234, 4, '0', 0, '2017-04-07', '2017-04-07'),
(1235, 4, '0', 0, '2017-04-08', '2017-04-08'),
(1236, 4, '100', 0, '2017-04-10', '2017-04-10'),
(1237, 4, '100', 0, '2017-04-09', '2017-04-09'),
(1238, 4, '0', 0, '2017-04-11', '2017-04-11'),
(1239, 4, '0', 0, '2017-04-12', '2017-04-12'),
(1240, 4, '0', 0, '2017-04-13', '2017-04-13'),
(1241, 4, '0', 0, '2017-04-14', '2017-04-14'),
(1242, 4, '0', 0, '2017-04-15', '2017-04-15'),
(1243, 4, '0', 0, '2017-04-17', '2017-04-17'),
(1244, 4, '0', 0, '2017-04-16', '2017-04-16'),
(1245, 4, '0', 0, '2017-04-18', '2017-04-18'),
(1246, 4, '0', 0, '2017-04-19', '2017-04-19'),
(1247, 4, '0', 0, '2017-04-20', '2017-04-20'),
(1248, 4, '0', 0, '2017-04-21', '2017-04-21'),
(1249, 4, '0', 0, '2017-04-22', '2017-04-22'),
(1250, 1, '0', 0, '2017-03-26', '2017-03-26'),
(1251, 3, '100', 0, '2017-04-24', '2017-04-24'),
(1252, 3, '600', 0, '2017-04-23', '2017-04-23'),
(1253, 3, '100', 0, '2017-04-25', '2017-04-25'),
(1254, 3, '100', 0, '2017-04-26', '2017-04-26'),
(1255, 50, '95', 0, '2017-04-24', '2017-04-24'),
(1256, 50, '590', 0, '2017-04-23', '2017-04-23'),
(1257, 50, '95', 0, '2017-04-25', '2017-04-25'),
(1258, 50, '100', 0, '2017-04-26', '2017-04-26'),
(1259, 22, '95', 0, '2017-04-25', '2017-04-25'),
(1260, 16, '0', 0, '2017-04-01', '2017-04-01'),
(1261, 16, '0', 0, '2017-03-26', '2017-03-26'),
(1262, 16, '0', 0, '2017-04-03', '2017-04-03'),
(1263, 16, '195', 0, '2017-04-02', '2017-04-02'),
(1264, 16, '95', 0, '2017-04-04', '2017-04-04'),
(1265, 16, '100', 0, '2017-04-05', '2017-04-05'),
(1266, 16, '0', 0, '2017-04-06', '2017-04-06'),
(1267, 16, '0', 0, '2017-04-07', '2017-04-07'),
(1268, 16, '0', 0, '2017-04-08', '2017-04-08'),
(1269, 16, '100', 0, '2017-04-10', '2017-04-10'),
(1270, 16, '385', 0, '2017-04-09', '2017-04-09'),
(1271, 16, '100', 0, '2017-04-11', '2017-04-11'),
(1272, 16, '100', 0, '2017-04-12', '2017-04-12'),
(1273, 16, '0', 0, '2017-04-13', '2017-04-13'),
(1274, 16, '0', 0, '2017-04-14', '2017-04-14'),
(1275, 16, '85', 0, '2017-04-15', '2017-04-15'),
(1276, 16, '100', 0, '2017-04-17', '2017-04-17'),
(1277, 16, '600', 0, '2017-04-16', '2017-04-16'),
(1278, 16, '100', 0, '2017-04-18', '2017-04-18'),
(1279, 16, '100', 0, '2017-04-19', '2017-04-19'),
(1280, 16, '100', 0, '2017-04-20', '2017-04-20'),
(1281, 16, '100', 0, '2017-04-21', '2017-04-21'),
(1282, 16, '100', 0, '2017-04-22', '2017-04-22'),
(1283, 16, '85', 0, '2017-04-24', '2017-04-24'),
(1284, 16, '580', 0, '2017-04-23', '2017-04-23'),
(1285, 16, '95', 0, '2017-04-25', '2017-04-25'),
(1286, 16, '100', 0, '2017-04-26', '2017-04-26'),
(1287, 45, '100', 0, '2017-04-24', '2017-04-24'),
(1288, 45, '600', 0, '2017-04-23', '2017-04-23'),
(1289, 45, '100', 0, '2017-04-25', '2017-04-25'),
(1290, 61, '95', 0, '2017-04-24', '2017-04-24'),
(1291, 61, '585', 0, '2017-04-23', '2017-04-23'),
(1292, 61, '95', 0, '2017-04-25', '2017-04-25'),
(1293, 61, '100', 0, '2017-04-26', '2017-04-26'),
(1294, 66, '100', 0, '2017-04-24', '2017-04-24'),
(1295, 66, '600', 0, '2017-04-23', '2017-04-23'),
(1296, 66, '100', 0, '2017-04-25', '2017-04-25'),
(1297, 66, '100', 0, '2017-04-26', '2017-04-26'),
(1298, 68, '85', 0, '2017-04-24', '2017-04-24'),
(1299, 68, '575', 0, '2017-04-23', '2017-04-23'),
(1300, 68, '95', 0, '2017-04-25', '2017-04-25'),
(1301, 68, '100', 0, '2017-04-26', '2017-04-26'),
(1302, 71, '95', 0, '2017-04-24', '2017-04-24'),
(1303, 71, '585', 0, '2017-04-23', '2017-04-23'),
(1304, 71, '95', 0, '2017-04-25', '2017-04-25'),
(1305, 71, '100', 0, '2017-04-26', '2017-04-26'),
(1306, 4, '0', 0, '2017-04-24', '2017-04-24'),
(1307, 4, '495', 0, '2017-04-23', '2017-04-23'),
(1308, 4, '95', 0, '2017-04-25', '2017-04-25'),
(1309, 4, '100', 0, '2017-04-26', '2017-04-26'),
(1310, 19, '85', 0, '2017-04-24', '2017-04-24'),
(1311, 19, '575', 0, '2017-04-23', '2017-04-23'),
(1312, 19, '95', 0, '2017-04-25', '2017-04-25'),
(1313, 19, '100', 0, '2017-04-26', '2017-04-26'),
(1314, 31, '95', 0, '2017-04-24', '2017-04-24'),
(1315, 31, '585', 0, '2017-04-23', '2017-04-23'),
(1316, 31, '95', 0, '2017-04-25', '2017-04-25'),
(1317, 31, '100', 0, '2017-04-26', '2017-04-26'),
(1318, 72, '95', 0, '2017-04-24', '2017-04-24'),
(1319, 72, '590', 0, '2017-04-23', '2017-04-23'),
(1320, 72, '95', 0, '2017-04-25', '2017-04-25'),
(1321, 72, '100', 0, '2017-04-26', '2017-04-26'),
(1322, 12, '100', 0, '2017-04-24', '2017-04-24'),
(1323, 12, '600', 0, '2017-04-23', '2017-04-23'),
(1324, 12, '100', 0, '2017-04-25', '2017-04-25'),
(1325, 12, '100', 0, '2017-04-26', '2017-04-26'),
(1326, 26, '85', 0, '2017-04-24', '2017-04-24'),
(1327, 26, '575', 0, '2017-04-23', '2017-04-23'),
(1328, 26, '95', 0, '2017-04-25', '2017-04-25'),
(1329, 26, '100', 0, '2017-04-26', '2017-04-26'),
(1330, 34, '95', 0, '2017-04-24', '2017-04-24'),
(1331, 34, '585', 0, '2017-04-23', '2017-04-23'),
(1332, 34, '95', 0, '2017-04-25', '2017-04-25'),
(1333, 34, '100', 0, '2017-04-26', '2017-04-26'),
(1334, 74, '95', 0, '2017-04-24', '2017-04-24'),
(1335, 74, '585', 0, '2017-04-23', '2017-04-23'),
(1336, 74, '95', 0, '2017-04-25', '2017-04-25'),
(1337, 74, '100', 0, '2017-04-26', '2017-04-26'),
(1338, 9, '100', 0, '2017-04-24', '2017-04-24'),
(1339, 9, '600', 0, '2017-04-23', '2017-04-23'),
(1340, 9, '100', 0, '2017-04-25', '2017-04-25'),
(1341, 9, '100', 0, '2017-04-26', '2017-04-26'),
(1342, 11, '100', 0, '2017-04-24', '2017-04-24'),
(1343, 11, '600', 0, '2017-04-23', '2017-04-23'),
(1344, 11, '100', 0, '2017-04-25', '2017-04-25'),
(1345, 11, '100', 0, '2017-04-26', '2017-04-26'),
(1346, 14, '100', 0, '2017-04-24', '2017-04-24'),
(1347, 14, '600', 0, '2017-04-23', '2017-04-23'),
(1348, 14, '100', 0, '2017-04-25', '2017-04-25'),
(1349, 14, '100', 0, '2017-04-26', '2017-04-26'),
(1350, 18, '85', 0, '2017-04-24', '2017-04-24'),
(1351, 18, '575', 0, '2017-04-23', '2017-04-23'),
(1352, 18, '95', 0, '2017-04-25', '2017-04-25'),
(1353, 18, '100', 0, '2017-04-26', '2017-04-26'),
(1354, 22, '100', 0, '2017-04-01', '2017-04-01'),
(1355, 22, '100', 0, '2017-03-26', '2017-03-26'),
(1356, 22, '100', 0, '2017-04-03', '2017-04-03'),
(1357, 22, '575', 0, '2017-04-02', '2017-04-02'),
(1358, 22, '95', 0, '2017-04-04', '2017-04-04'),
(1359, 22, '100', 0, '2017-04-05', '2017-04-05'),
(1360, 22, '95', 0, '2017-04-06', '2017-04-06'),
(1361, 22, '85', 0, '2017-04-07', '2017-04-07'),
(1362, 22, '100', 0, '2017-04-08', '2017-04-08'),
(1363, 22, '95', 0, '2017-04-10', '2017-04-10'),
(1364, 22, '275', 0, '2017-04-09', '2017-04-09'),
(1365, 22, '95', 0, '2017-04-11', '2017-04-11'),
(1366, 22, '85', 0, '2017-04-12', '2017-04-12'),
(1367, 22, '0', 0, '2017-04-13', '2017-04-13'),
(1368, 22, '0', 0, '2017-04-14', '2017-04-14'),
(1369, 22, '0', 0, '2017-04-15', '2017-04-15'),
(1370, 22, '85', 0, '2017-04-17', '2017-04-17'),
(1371, 22, '545', 0, '2017-04-16', '2017-04-16'),
(1372, 22, '85', 0, '2017-04-18', '2017-04-18'),
(1373, 22, '100', 0, '2017-04-19', '2017-04-19'),
(1374, 22, '95', 0, '2017-04-20', '2017-04-20'),
(1375, 22, '85', 0, '2017-04-21', '2017-04-21'),
(1376, 22, '95', 0, '2017-04-22', '2017-04-22'),
(1377, 38, '95', 0, '2017-04-24', '2017-04-24'),
(1378, 38, '585', 0, '2017-04-23', '2017-04-23'),
(1379, 38, '95', 0, '2017-04-25', '2017-04-25'),
(1380, 38, '100', 0, '2017-04-26', '2017-04-26'),
(1381, 41, '95', 0, '2017-04-24', '2017-04-24'),
(1382, 41, '290', 0, '2017-04-23', '2017-04-23'),
(1383, 41, '95', 0, '2017-04-25', '2017-04-25'),
(1384, 41, '100', 0, '2017-04-26', '2017-04-26'),
(1385, 43, '85', 0, '2017-04-24', '2017-04-24'),
(1386, 43, '480', 0, '2017-04-23', '2017-04-23'),
(1387, 43, '95', 0, '2017-04-25', '2017-04-25'),
(1388, 43, '100', 0, '2017-04-26', '2017-04-26'),
(1389, 43, '0', 0, '2017-04-27', '2017-04-27'),
(1390, 59, '95', 0, '2017-04-17', '2017-04-17'),
(1391, 59, '595', 0, '2017-04-16', '2017-04-16'),
(1392, 59, '100', 0, '2017-04-18', '2017-04-18'),
(1393, 59, '100', 0, '2017-04-19', '2017-04-19'),
(1394, 59, '100', 0, '2017-04-20', '2017-04-20'),
(1395, 59, '100', 0, '2017-04-21', '2017-04-21'),
(1396, 59, '100', 0, '2017-04-22', '2017-04-22'),
(1397, 59, '95', 0, '2017-04-24', '2017-04-24'),
(1398, 59, '590', 0, '2017-04-23', '2017-04-23'),
(1399, 59, '95', 0, '2017-04-25', '2017-04-25'),
(1400, 59, '100', 0, '2017-04-26', '2017-04-26'),
(1401, 69, '85', 0, '2017-04-24', '2017-04-24'),
(1402, 69, '380', 0, '2017-04-23', '2017-04-23'),
(1403, 69, '95', 0, '2017-04-25', '2017-04-25'),
(1404, 69, '100', 0, '2017-04-26', '2017-04-26'),
(1405, 70, '95', 0, '2017-04-24', '2017-04-24'),
(1406, 70, '585', 0, '2017-04-23', '2017-04-23'),
(1407, 70, '95', 0, '2017-04-25', '2017-04-25'),
(1408, 70, '100', 0, '2017-04-26', '2017-04-26'),
(1409, 7, '100', 0, '2017-04-24', '2017-04-24'),
(1410, 7, '600', 0, '2017-04-23', '2017-04-23'),
(1411, 7, '100', 0, '2017-04-25', '2017-04-25'),
(1412, 7, '100', 0, '2017-04-26', '2017-04-26'),
(1413, 8, '100', 0, '2017-04-24', '2017-04-24'),
(1414, 8, '600', 0, '2017-04-23', '2017-04-23'),
(1415, 8, '100', 0, '2017-04-25', '2017-04-25'),
(1416, 8, '100', 0, '2017-04-26', '2017-04-26'),
(1417, 10, '100', 0, '2017-04-24', '2017-04-24'),
(1418, 10, '600', 0, '2017-04-23', '2017-04-23'),
(1419, 10, '100', 0, '2017-04-25', '2017-04-25'),
(1420, 10, '100', 0, '2017-04-26', '2017-04-26'),
(1421, 15, '100', 0, '2017-04-24', '2017-04-24'),
(1422, 15, '600', 0, '2017-04-23', '2017-04-23'),
(1423, 15, '100', 0, '2017-04-25', '2017-04-25'),
(1424, 15, '100', 0, '2017-04-26', '2017-04-26'),
(1425, 20, '0', 0, '2017-04-01', '2017-04-01'),
(1426, 20, '0', 0, '2017-03-26', '2017-03-26'),
(1427, 20, '100', 0, '2017-04-03', '2017-04-03'),
(1428, 20, '575', 0, '2017-04-02', '2017-04-02'),
(1429, 20, '95', 0, '2017-04-04', '2017-04-04'),
(1430, 20, '100', 0, '2017-04-05', '2017-04-05'),
(1431, 20, '95', 0, '2017-04-06', '2017-04-06'),
(1432, 20, '85', 0, '2017-04-07', '2017-04-07'),
(1433, 20, '100', 0, '2017-04-08', '2017-04-08'),
(1434, 20, '95', 0, '2017-04-10', '2017-04-10'),
(1435, 20, '275', 0, '2017-04-09', '2017-04-09'),
(1436, 20, '95', 0, '2017-04-11', '2017-04-11'),
(1437, 20, '85', 0, '2017-04-12', '2017-04-12'),
(1438, 20, '0', 0, '2017-04-13', '2017-04-13'),
(1439, 20, '0', 0, '2017-04-14', '2017-04-14'),
(1440, 20, '0', 0, '2017-04-15', '2017-04-15'),
(1441, 20, '0', 0, '2017-04-17', '2017-04-17'),
(1442, 20, '85', 0, '2017-04-16', '2017-04-16'),
(1443, 20, '85', 0, '2017-04-18', '2017-04-18'),
(1444, 20, '0', 0, '2017-04-19', '2017-04-19'),
(1445, 20, '0', 0, '2017-04-20', '2017-04-20'),
(1446, 20, '0', 0, '2017-04-21', '2017-04-21'),
(1447, 20, '0', 0, '2017-04-22', '2017-04-22'),
(1448, 20, '85', 0, '2017-04-24', '2017-04-24'),
(1449, 20, '575', 0, '2017-04-23', '2017-04-23'),
(1450, 20, '95', 0, '2017-04-25', '2017-04-25'),
(1451, 20, '100', 0, '2017-04-26', '2017-04-26'),
(1452, 21, '0', 0, '2017-04-24', '2017-04-24'),
(1453, 21, '395', 0, '2017-04-23', '2017-04-23'),
(1454, 21, '0', 0, '2017-04-25', '2017-04-25'),
(1455, 21, '100', 0, '2017-04-26', '2017-04-26'),
(1456, 23, '0', 0, '2017-04-24', '2017-04-24'),
(1457, 23, '490', 0, '2017-04-23', '2017-04-23'),
(1458, 23, '95', 0, '2017-04-25', '2017-04-25'),
(1459, 23, '100', 0, '2017-04-26', '2017-04-26'),
(1460, 24, '0', 0, '2017-04-24', '2017-04-24'),
(1461, 24, '490', 0, '2017-04-23', '2017-04-23'),
(1462, 24, '95', 0, '2017-04-25', '2017-04-25'),
(1463, 24, '100', 0, '2017-04-26', '2017-04-26'),
(1464, 25, '85', 0, '2017-04-24', '2017-04-24'),
(1465, 25, '575', 0, '2017-04-23', '2017-04-23'),
(1466, 25, '95', 0, '2017-04-25', '2017-04-25'),
(1467, 25, '100', 0, '2017-04-26', '2017-04-26'),
(1468, 32, '95', 0, '2017-04-24', '2017-04-24'),
(1469, 32, '585', 0, '2017-04-23', '2017-04-23'),
(1470, 32, '95', 0, '2017-04-25', '2017-04-25'),
(1471, 32, '100', 0, '2017-04-26', '2017-04-26'),
(1472, 35, '95', 0, '2017-04-24', '2017-04-24'),
(1473, 35, '385', 0, '2017-04-23', '2017-04-23'),
(1474, 35, '95', 0, '2017-04-25', '2017-04-25'),
(1475, 35, '0', 0, '2017-04-26', '2017-04-26'),
(1476, 35, '0', 0, '2017-04-27', '2017-04-27'),
(1477, 40, '95', 0, '2017-04-24', '2017-04-24'),
(1478, 40, '585', 0, '2017-04-23', '2017-04-23'),
(1479, 40, '95', 0, '2017-04-25', '2017-04-25'),
(1480, 40, '100', 0, '2017-04-26', '2017-04-26'),
(1481, 42, '95', 0, '2017-04-24', '2017-04-24'),
(1482, 42, '585', 0, '2017-04-23', '2017-04-23'),
(1483, 42, '95', 0, '2017-04-25', '2017-04-25'),
(1484, 42, '100', 0, '2017-04-26', '2017-04-26'),
(1485, 49, '95', 0, '2017-04-24', '2017-04-24'),
(1486, 49, '590', 0, '2017-04-23', '2017-04-23'),
(1487, 49, '95', 0, '2017-04-25', '2017-04-25'),
(1488, 49, '100', 0, '2017-04-26', '2017-04-26'),
(1489, 52, '95', 0, '2017-04-24', '2017-04-24'),
(1490, 52, '590', 0, '2017-04-23', '2017-04-23'),
(1491, 52, '95', 0, '2017-04-25', '2017-04-25'),
(1492, 52, '100', 0, '2017-04-26', '2017-04-26'),
(1493, 53, '100', 0, '2017-04-01', '2017-04-01'),
(1494, 53, '100', 0, '2017-03-26', '2017-03-26'),
(1495, 53, '85', 0, '2017-04-15', '2017-04-15'),
(1496, 53, '370', 0, '2017-04-09', '2017-04-09'),
(1497, 53, '100', 0, '2017-04-17', '2017-04-17'),
(1498, 53, '600', 0, '2017-04-16', '2017-04-16'),
(1499, 53, '100', 0, '2017-04-18', '2017-04-18'),
(1500, 53, '100', 0, '2017-04-19', '2017-04-19'),
(1501, 53, '100', 0, '2017-04-20', '2017-04-20'),
(1502, 53, '100', 0, '2017-04-21', '2017-04-21'),
(1503, 53, '100', 0, '2017-04-22', '2017-04-22'),
(1504, 53, '100', 0, '2017-04-24', '2017-04-24'),
(1505, 53, '300', 0, '2017-04-23', '2017-04-23'),
(1506, 53, '100', 0, '2017-04-25', '2017-04-25'),
(1507, 53, '100', 0, '2017-04-26', '2017-04-26'),
(1508, 53, '0', 0, '2017-04-03', '2017-04-03'),
(1509, 53, '85', 0, '2017-04-02', '2017-04-02'),
(1510, 53, '85', 0, '2017-04-04', '2017-04-04'),
(1511, 53, '0', 0, '2017-04-05', '2017-04-05'),
(1512, 53, '0', 0, '2017-04-06', '2017-04-06'),
(1513, 53, '0', 0, '2017-04-07', '2017-04-07'),
(1514, 53, '0', 0, '2017-04-08', '2017-04-08'),
(1515, 53, '100', 0, '2017-04-10', '2017-04-10'),
(1516, 53, '100', 0, '2017-04-11', '2017-04-11'),
(1517, 53, '85', 0, '2017-04-12', '2017-04-12'),
(1518, 53, '0', 0, '2017-04-13', '2017-04-13'),
(1519, 53, '0', 0, '2017-04-14', '2017-04-14'),
(1520, 58, '95', 0, '2017-04-24', '2017-04-24'),
(1521, 58, '590', 0, '2017-04-23', '2017-04-23'),
(1522, 58, '95', 0, '2017-04-25', '2017-04-25'),
(1523, 58, '100', 0, '2017-04-26', '2017-04-26'),
(1524, 67, '85', 0, '2017-04-24', '2017-04-24'),
(1525, 67, '575', 0, '2017-04-23', '2017-04-23'),
(1526, 67, '95', 0, '2017-04-25', '2017-04-25'),
(1527, 67, '100', 0, '2017-04-26', '2017-04-26'),
(1528, 73, '95', 0, '2017-04-24', '2017-04-24'),
(1529, 73, '490', 0, '2017-04-23', '2017-04-23'),
(1530, 73, '95', 0, '2017-04-25', '2017-04-25'),
(1531, 73, '100', 0, '2017-04-26', '2017-04-26'),
(1532, 5, '100', 0, '2017-04-24', '2017-04-24'),
(1533, 5, '600', 0, '2017-04-23', '2017-04-23'),
(1534, 5, '100', 0, '2017-04-25', '2017-04-25'),
(1535, 5, '100', 0, '2017-04-26', '2017-04-26'),
(1536, 6, '100', 0, '2017-04-22', '2017-04-22'),
(1537, 6, '100', 0, '2017-04-24', '2017-04-24'),
(1538, 6, '500', 0, '2017-04-23', '2017-04-23'),
(1539, 6, '100', 0, '2017-04-25', '2017-04-25'),
(1540, 6, '0', 0, '2017-04-26', '2017-04-26'),
(1541, 13, '100', 0, '2017-04-22', '2017-04-22'),
(1542, 13, '100', 0, '2017-04-24', '2017-04-24'),
(1543, 13, '500', 0, '2017-04-23', '2017-04-23'),
(1544, 13, '100', 0, '2017-04-25', '2017-04-25'),
(1545, 13, '0', 0, '2017-04-26', '2017-04-26'),
(1546, 28, '0', 0, '2017-04-24', '2017-04-24'),
(1547, 28, '0', 0, '2017-04-23', '2017-04-23'),
(1548, 28, '0', 0, '2017-04-25', '2017-04-25'),
(1549, 28, '0', 0, '2017-04-26', '2017-04-26'),
(1550, 36, '95', 0, '2017-04-24', '2017-04-24'),
(1551, 36, '585', 0, '2017-04-23', '2017-04-23'),
(1552, 36, '95', 0, '2017-04-25', '2017-04-25'),
(1553, 36, '100', 0, '2017-04-26', '2017-04-26'),
(1554, 37, '100', 0, '2017-04-01', '2017-04-01'),
(1555, 37, '100', 0, '2017-03-26', '2017-03-26'),
(1556, 37, '0', 0, '2017-04-22', '2017-04-22'),
(1557, 37, '480', 0, '2017-04-16', '2017-04-16'),
(1558, 37, '0', 0, '2017-04-03', '2017-04-03'),
(1559, 37, '455', 0, '2017-04-02', '2017-04-02'),
(1560, 37, '85', 0, '2017-04-04', '2017-04-04'),
(1561, 37, '0', 0, '2017-03-29', '2017-03-29'),
(1562, 37, '85', 0, '2017-04-05', '2017-04-05'),
(1563, 37, '100', 0, '2017-04-06', '2017-04-06'),
(1564, 37, '100', 0, '2017-04-07', '2017-04-07'),
(1565, 37, '85', 0, '2017-04-08', '2017-04-08'),
(1566, 37, '100', 0, '2017-04-10', '2017-04-10'),
(1567, 37, '195', 0, '2017-04-09', '2017-04-09'),
(1568, 37, '95', 0, '2017-04-11', '2017-04-11'),
(1569, 37, '0', 0, '2017-04-12', '2017-04-12'),
(1570, 37, '0', 0, '2017-04-13', '2017-04-13'),
(1571, 37, '0', 0, '2017-04-14', '2017-04-14'),
(1572, 37, '0', 0, '2017-04-15', '2017-04-15'),
(1573, 37, '85', 0, '2017-04-17', '2017-04-17'),
(1574, 37, '100', 0, '2017-04-18', '2017-04-18'),
(1575, 37, '100', 0, '2017-04-19', '2017-04-19'),
(1576, 37, '100', 0, '2017-04-20', '2017-04-20'),
(1577, 37, '95', 0, '2017-04-21', '2017-04-21'),
(1578, 37, '95', 0, '2017-04-24', '2017-04-24'),
(1579, 37, '585', 0, '2017-04-23', '2017-04-23'),
(1580, 37, '95', 0, '2017-04-25', '2017-04-25'),
(1581, 37, '100', 0, '2017-04-26', '2017-04-26'),
(1582, 47, '95', 0, '2017-04-24', '2017-04-24'),
(1583, 47, '590', 0, '2017-04-23', '2017-04-23'),
(1584, 47, '95', 0, '2017-04-25', '2017-04-25'),
(1585, 47, '100', 0, '2017-04-26', '2017-04-26'),
(1586, 48, '95', 0, '2017-04-24', '2017-04-24'),
(1587, 48, '590', 0, '2017-04-23', '2017-04-23'),
(1588, 48, '95', 0, '2017-04-25', '2017-04-25'),
(1589, 48, '100', 0, '2017-04-26', '2017-04-26'),
(1590, 51, '100', 0, '2017-04-01', '2017-04-01'),
(1591, 51, '100', 0, '2017-03-26', '2017-03-26'),
(1592, 51, '0', 0, '2017-04-03', '2017-04-03'),
(1593, 51, '85', 0, '2017-04-02', '2017-04-02'),
(1594, 51, '85', 0, '2017-04-04', '2017-04-04'),
(1595, 51, '0', 0, '2017-04-05', '2017-04-05'),
(1596, 51, '0', 0, '2017-04-06', '2017-04-06'),
(1597, 51, '0', 0, '2017-04-07', '2017-04-07'),
(1598, 51, '0', 0, '2017-04-08', '2017-04-08'),
(1599, 51, '100', 0, '2017-04-10', '2017-04-10'),
(1600, 51, '285', 0, '2017-04-09', '2017-04-09'),
(1601, 51, '100', 0, '2017-04-11', '2017-04-11'),
(1602, 51, '85', 0, '2017-04-12', '2017-04-12'),
(1603, 51, '0', 0, '2017-04-13', '2017-04-13'),
(1604, 51, '0', 0, '2017-04-14', '2017-04-14'),
(1605, 51, '0', 0, '2017-04-15', '2017-04-15'),
(1606, 51, '95', 0, '2017-04-17', '2017-04-17'),
(1607, 51, '595', 0, '2017-04-16', '2017-04-16'),
(1608, 51, '100', 0, '2017-04-18', '2017-04-18'),
(1609, 51, '100', 0, '2017-04-19', '2017-04-19'),
(1610, 51, '100', 0, '2017-04-20', '2017-04-20'),
(1611, 51, '100', 0, '2017-04-21', '2017-04-21'),
(1612, 51, '100', 0, '2017-04-22', '2017-04-22'),
(1613, 46, '95', 0, '2017-04-24', '2017-04-24'),
(1614, 46, '590', 0, '2017-04-23', '2017-04-23'),
(1615, 46, '95', 0, '2017-04-25', '2017-04-25'),
(1616, 46, '100', 0, '2017-04-26', '2017-04-26'),
(1617, 46, '100', 0, '2017-04-27', '2017-04-27'),
(1618, 29, '95', 0, '2017-04-24', '2017-04-24'),
(1619, 29, '585', 0, '2017-04-23', '2017-04-23'),
(1620, 29, '95', 0, '2017-04-25', '2017-04-25'),
(1621, 29, '100', 0, '2017-04-26', '2017-04-26'),
(1622, 29, '100', 0, '2017-04-27', '2017-04-27'),
(1623, 17, '100', 0, '2017-04-24', '2017-04-24'),
(1624, 17, '600', 0, '2017-04-23', '2017-04-23'),
(1625, 17, '100', 0, '2017-04-25', '2017-04-25'),
(1626, 17, '100', 0, '2017-04-26', '2017-04-26'),
(1627, 17, '100', 0, '2017-04-27', '2017-04-27'),
(1628, 1, '100', 0, '2017-04-24', '2017-04-24'),
(1629, 1, '600', 0, '2017-04-23', '2017-04-23'),
(1630, 1, '100', 0, '2017-04-25', '2017-04-25'),
(1631, 1, '100', 0, '2017-04-26', '2017-04-26'),
(1632, 1, '100', 0, '2017-04-27', '2017-04-27'),
(1633, 76, '95', 0, '2017-04-24', '2017-04-24'),
(1634, 76, '590', 0, '2017-04-23', '2017-04-23'),
(1635, 76, '95', 0, '2017-04-25', '2017-04-25'),
(1636, 76, '100', 0, '2017-04-26', '2017-04-26'),
(1637, 76, '100', 0, '2017-04-27', '2017-04-27'),
(1638, 50, '100', 0, '2017-04-27', '2017-04-27'),
(1639, 33, '95', 0, '2017-04-24', '2017-04-24'),
(1640, 33, '585', 0, '2017-04-23', '2017-04-23'),
(1641, 33, '95', 0, '2017-04-25', '2017-04-25'),
(1642, 33, '100', 0, '2017-04-26', '2017-04-26'),
(1643, 33, '100', 0, '2017-04-27', '2017-04-27'),
(1644, 78, '95', 0, '2017-04-24', '2017-04-24'),
(1645, 78, '590', 0, '2017-04-23', '2017-04-23'),
(1646, 78, '95', 0, '2017-04-25', '2017-04-25'),
(1647, 78, '100', 0, '2017-04-26', '2017-04-26'),
(1648, 78, '100', 0, '2017-04-27', '2017-04-27'),
(1649, 77, '95', 0, '2017-04-24', '2017-04-24'),
(1650, 77, '490', 0, '2017-04-23', '2017-04-23'),
(1651, 77, '95', 0, '2017-04-25', '2017-04-25'),
(1652, 77, '100', 0, '2017-04-26', '2017-04-26'),
(1653, 77, '100', 0, '2017-04-27', '2017-04-27'),
(1654, 75, '95', 0, '2017-04-24', '2017-04-24'),
(1655, 75, '590', 0, '2017-04-23', '2017-04-23'),
(1656, 75, '95', 0, '2017-04-25', '2017-04-25'),
(1657, 75, '100', 0, '2017-04-26', '2017-04-26'),
(1658, 75, '100', 0, '2017-04-27', '2017-04-27'),
(1659, 51, '95', 0, '2017-04-24', '2017-04-24'),
(1660, 51, '95', 0, '2017-04-23', '2017-04-23'),
(1661, 16, '100', 0, '2017-04-27', '2017-04-27'),
(1662, 48, '100', 0, '2017-04-27', '2017-04-27'),
(1663, 47, '100', 0, '2017-04-27', '2017-04-27'),
(1664, 3, '100', 0, '2017-04-27', '2017-04-27'),
(1665, 3, '100', 0, '2017-04-28', '2017-04-28'),
(1666, 3, '100', 0, '2017-04-29', '2017-04-29'),
(1667, 16, '100', 0, '2017-04-28', '2017-04-28'),
(1668, 16, '100', 0, '2017-04-29', '2017-04-29'),
(1669, 45, '100', 0, '2017-04-26', '2017-04-26'),
(1670, 45, '100', 0, '2017-04-27', '2017-04-27'),
(1671, 45, '100', 0, '2017-04-28', '2017-04-28'),
(1672, 45, '100', 0, '2017-04-29', '2017-04-29'),
(1673, 45, '0', 0, '2017-04-22', '2017-04-22'),
(1674, 61, '100', 0, '2017-04-22', '2017-04-22'),
(1675, 61, '100', 0, '2017-04-27', '2017-04-27'),
(1676, 61, '95', 0, '2017-04-28', '2017-04-28'),
(1677, 61, '100', 0, '2017-04-29', '2017-04-29'),
(1678, 66, '100', 0, '2017-04-27', '2017-04-27'),
(1679, 66, '100', 0, '2017-04-28', '2017-04-28'),
(1680, 66, '100', 0, '2017-04-29', '2017-04-29'),
(1681, 68, '100', 0, '2017-04-27', '2017-04-27'),
(1682, 68, '95', 0, '2017-04-28', '2017-04-28'),
(1683, 68, '100', 0, '2017-04-29', '2017-04-29'),
(1684, 71, '100', 0, '2017-04-27', '2017-04-27'),
(1685, 71, '95', 0, '2017-04-28', '2017-04-28'),
(1686, 71, '100', 0, '2017-04-29', '2017-04-29'),
(1687, 4, '100', 0, '2017-04-27', '2017-04-27'),
(1688, 4, '100', 0, '2017-04-28', '2017-04-28'),
(1689, 4, '100', 0, '2017-04-29', '2017-04-29'),
(1690, 19, '100', 0, '2017-04-27', '2017-04-27'),
(1691, 19, '95', 0, '2017-04-28', '2017-04-28'),
(1692, 19, '100', 0, '2017-04-29', '2017-04-29'),
(1693, 31, '100', 0, '2017-04-27', '2017-04-27'),
(1694, 31, '95', 0, '2017-04-28', '2017-04-28'),
(1695, 31, '100', 0, '2017-04-29', '2017-04-29'),
(1696, 72, '100', 0, '2017-04-27', '2017-04-27'),
(1697, 72, '100', 0, '2017-04-28', '2017-04-28'),
(1698, 72, '100', 0, '2017-04-29', '2017-04-29'),
(1699, 12, '100', 0, '2017-04-27', '2017-04-27'),
(1700, 12, '100', 0, '2017-04-28', '2017-04-28'),
(1701, 12, '100', 0, '2017-04-29', '2017-04-29'),
(1702, 12, '100', 0, '2017-04-22', '2017-04-22'),
(1703, 26, '100', 0, '2017-04-27', '2017-04-27'),
(1704, 26, '95', 0, '2017-04-28', '2017-04-28'),
(1705, 26, '100', 0, '2017-04-29', '2017-04-29'),
(1706, 34, '100', 0, '2017-04-27', '2017-04-27'),
(1707, 34, '95', 0, '2017-04-28', '2017-04-28'),
(1708, 34, '100', 0, '2017-04-29', '2017-04-29'),
(1709, 74, '100', 0, '2017-04-27', '2017-04-27'),
(1710, 74, '95', 0, '2017-04-28', '2017-04-28'),
(1711, 74, '100', 0, '2017-04-29', '2017-04-29'),
(1712, 9, '100', 0, '2017-04-27', '2017-04-27'),
(1713, 9, '100', 0, '2017-04-28', '2017-04-28'),
(1714, 9, '100', 0, '2017-04-29', '2017-04-29'),
(1715, 11, '100', 0, '2017-04-27', '2017-04-27'),
(1716, 11, '100', 0, '2017-04-22', '2017-04-22'),
(1717, 11, '100', 0, '2017-04-28', '2017-04-28'),
(1718, 11, '100', 0, '2017-04-29', '2017-04-29'),
(1719, 14, '100', 0, '2017-04-27', '2017-04-27'),
(1720, 14, '100', 0, '2017-04-28', '2017-04-28'),
(1721, 14, '100', 0, '2017-04-29', '2017-04-29'),
(1722, 14, '100', 0, '2017-04-22', '2017-04-22'),
(1723, 18, '100', 0, '2017-04-27', '2017-04-27'),
(1724, 18, '95', 0, '2017-04-28', '2017-04-28'),
(1725, 18, '100', 0, '2017-04-29', '2017-04-29'),
(1726, 38, '100', 0, '2017-04-27', '2017-04-27'),
(1727, 38, '95', 0, '2017-04-28', '2017-04-28'),
(1728, 38, '100', 0, '2017-04-29', '2017-04-29'),
(1729, 43, '100', 0, '2017-04-28', '2017-04-28'),
(1730, 43, '100', 0, '2017-04-29', '2017-04-29'),
(1731, 59, '100', 0, '2017-04-27', '2017-04-27'),
(1732, 59, '100', 0, '2017-04-28', '2017-04-28'),
(1733, 59, '100', 0, '2017-04-29', '2017-04-29'),
(1734, 69, '100', 0, '2017-04-27', '2017-04-27'),
(1735, 69, '0', 0, '2017-04-28', '2017-04-28'),
(1736, 69, '0', 0, '2017-04-29', '2017-04-29'),
(1737, 70, '100', 0, '2017-04-27', '2017-04-27'),
(1738, 70, '95', 0, '2017-04-28', '2017-04-28'),
(1739, 70, '100', 0, '2017-04-29', '2017-04-29'),
(1740, 7, '100', 0, '2017-04-27', '2017-04-27'),
(1741, 7, '100', 0, '2017-04-28', '2017-04-28'),
(1742, 7, '100', 0, '2017-04-29', '2017-04-29'),
(1743, 8, '100', 0, '2017-04-27', '2017-04-27'),
(1744, 8, '100', 0, '2017-04-28', '2017-04-28'),
(1745, 8, '100', 0, '2017-04-29', '2017-04-29'),
(1746, 8, '100', 0, '2017-04-22', '2017-04-22'),
(1747, 7, '100', 0, '2017-04-22', '2017-04-22'),
(1748, 10, '100', 0, '2017-04-27', '2017-04-27'),
(1749, 10, '100', 0, '2017-04-28', '2017-04-28'),
(1750, 10, '100', 0, '2017-04-29', '2017-04-29'),
(1751, 10, '100', 0, '2017-04-01', '2017-04-01'),
(1752, 10, '100', 0, '2017-03-26', '2017-03-26'),
(1753, 10, '0', 0, '2017-04-03', '2017-04-03'),
(1754, 10, '85', 0, '2017-04-02', '2017-04-02'),
(1755, 10, '85', 0, '2017-04-04', '2017-04-04'),
(1756, 10, '0', 0, '2017-04-05', '2017-04-05'),
(1757, 10, '0', 0, '2017-04-06', '2017-04-06'),
(1758, 10, '0', 0, '2017-04-07', '2017-04-07'),
(1759, 10, '0', 0, '2017-04-08', '2017-04-08'),
(1760, 10, '100', 0, '2017-04-10', '2017-04-10'),
(1761, 10, '370', 0, '2017-04-09', '2017-04-09'),
(1762, 10, '100', 0, '2017-04-11', '2017-04-11'),
(1763, 10, '85', 0, '2017-04-12', '2017-04-12'),
(1764, 10, '0', 0, '2017-04-13', '2017-04-13'),
(1765, 15, '100', 0, '2017-04-22', '2017-04-22'),
(1766, 15, '100', 0, '2017-04-27', '2017-04-27'),
(1767, 15, '100', 0, '2017-04-28', '2017-04-28'),
(1768, 15, '100', 0, '2017-04-29', '2017-04-29'),
(1769, 20, '100', 0, '2017-04-27', '2017-04-27'),
(1770, 20, '95', 0, '2017-04-28', '2017-04-28'),
(1771, 20, '100', 0, '2017-04-29', '2017-04-29'),
(1772, 21, '100', 0, '2017-04-27', '2017-04-27'),
(1773, 21, '95', 0, '2017-04-28', '2017-04-28'),
(1774, 21, '100', 0, '2017-04-29', '2017-04-29'),
(1775, 23, '100', 0, '2017-04-27', '2017-04-27'),
(1776, 23, '95', 0, '2017-04-28', '2017-04-28'),
(1777, 23, '100', 0, '2017-04-29', '2017-04-29'),
(1778, 24, '100', 0, '2017-04-27', '2017-04-27'),
(1779, 24, '95', 0, '2017-04-28', '2017-04-28'),
(1780, 24, '100', 0, '2017-04-29', '2017-04-29'),
(1781, 25, '100', 0, '2017-04-27', '2017-04-27'),
(1782, 25, '95', 0, '2017-04-28', '2017-04-28'),
(1783, 25, '100', 0, '2017-04-29', '2017-04-29'),
(1784, 32, '100', 0, '2017-04-27', '2017-04-27'),
(1785, 32, '95', 0, '2017-04-28', '2017-04-28'),
(1786, 32, '100', 0, '2017-04-29', '2017-04-29'),
(1787, 35, '95', 0, '2017-04-28', '2017-04-28'),
(1788, 35, '100', 0, '2017-04-29', '2017-04-29'),
(1789, 40, '100', 0, '2017-04-27', '2017-04-27'),
(1790, 40, '95', 0, '2017-04-28', '2017-04-28'),
(1791, 40, '100', 0, '2017-04-29', '2017-04-29'),
(1792, 42, '100', 0, '2017-04-27', '2017-04-27'),
(1793, 42, '95', 0, '2017-04-28', '2017-04-28'),
(1794, 42, '100', 0, '2017-04-29', '2017-04-29'),
(1795, 49, '100', 0, '2017-04-27', '2017-04-27'),
(1796, 49, '100', 0, '2017-04-28', '2017-04-28'),
(1797, 49, '100', 0, '2017-04-29', '2017-04-29'),
(1798, 52, '100', 0, '2017-04-27', '2017-04-27'),
(1799, 52, '100', 0, '2017-04-28', '2017-04-28'),
(1800, 52, '100', 0, '2017-04-29', '2017-04-29'),
(1801, 58, '100', 0, '2017-04-27', '2017-04-27'),
(1802, 58, '100', 0, '2017-04-28', '2017-04-28'),
(1803, 58, '100', 0, '2017-04-29', '2017-04-29'),
(1804, 67, '100', 0, '2017-04-27', '2017-04-27'),
(1805, 67, '95', 0, '2017-04-28', '2017-04-28'),
(1806, 67, '100', 0, '2017-04-29', '2017-04-29'),
(1807, 73, '100', 0, '2017-04-27', '2017-04-27'),
(1808, 73, '100', 0, '2017-04-28', '2017-04-28'),
(1809, 73, '0', 0, '2017-04-29', '2017-04-29'),
(1810, 5, '100', 0, '2017-04-27', '2017-04-27'),
(1811, 5, '100', 0, '2017-04-28', '2017-04-28'),
(1812, 5, '100', 0, '2017-04-29', '2017-04-29'),
(1813, 6, '100', 0, '2017-04-27', '2017-04-27'),
(1814, 6, '100', 0, '2017-04-28', '2017-04-28'),
(1815, 6, '100', 0, '2017-04-29', '2017-04-29'),
(1816, 13, '100', 0, '2017-04-27', '2017-04-27'),
(1817, 13, '100', 0, '2017-04-28', '2017-04-28'),
(1818, 13, '100', 0, '2017-04-29', '2017-04-29'),
(1819, 36, '100', 0, '2017-04-27', '2017-04-27'),
(1820, 36, '95', 0, '2017-04-28', '2017-04-28'),
(1821, 36, '100', 0, '2017-04-29', '2017-04-29'),
(1822, 37, '100', 0, '2017-04-27', '2017-04-27'),
(1823, 37, '95', 0, '2017-04-28', '2017-04-28'),
(1824, 37, '100', 0, '2017-04-29', '2017-04-29'),
(1825, 47, '100', 0, '2017-04-28', '2017-04-28'),
(1826, 47, '100', 0, '2017-04-29', '2017-04-29'),
(1827, 48, '100', 0, '2017-04-28', '2017-04-28'),
(1828, 48, '100', 0, '2017-04-29', '2017-04-29'),
(1829, 75, '100', 0, '2017-04-28', '2017-04-28'),
(1830, 75, '100', 0, '2017-04-29', '2017-04-29'),
(1831, 77, '100', 0, '2017-04-28', '2017-04-28'),
(1832, 77, '0', 0, '2017-04-29', '2017-04-29'),
(1833, 78, '100', 0, '2017-04-28', '2017-04-28'),
(1834, 78, '100', 0, '2017-04-29', '2017-04-29'),
(1835, 33, '95', 0, '2017-04-28', '2017-04-28'),
(1836, 33, '100', 0, '2017-04-29', '2017-04-29'),
(1837, 50, '100', 0, '2017-04-28', '2017-04-28'),
(1838, 50, '100', 0, '2017-04-29', '2017-04-29'),
(1839, 76, '100', 0, '2017-04-28', '2017-04-28'),
(1840, 76, '100', 0, '2017-04-29', '2017-04-29'),
(1841, 1, '100', 0, '2017-04-28', '2017-04-28'),
(1842, 1, '100', 0, '2017-04-29', '2017-04-29'),
(1843, 17, '100', 0, '2017-04-28', '2017-04-28'),
(1844, 17, '100', 0, '2017-04-29', '2017-04-29'),
(1845, 29, '95', 0, '2017-04-28', '2017-04-28'),
(1846, 29, '100', 0, '2017-04-29', '2017-04-29'),
(1847, 46, '100', 0, '2017-04-28', '2017-04-28'),
(1848, 46, '100', 0, '2017-04-29', '2017-04-29'),
(1849, 66, '0', 0, '2017-04-03', '2017-04-03'),
(1850, 66, '0', 0, '2017-04-02', '2017-04-02'),
(1851, 66, '0', 0, '2017-04-04', '2017-04-04'),
(1852, 66, '0', 0, '2017-04-05', '2017-04-05'),
(1853, 66, '0', 0, '2017-04-06', '2017-04-06'),
(1854, 66, '0', 0, '2017-04-07', '2017-04-07'),
(1855, 66, '0', 0, '2017-04-08', '2017-04-08'),
(1856, 66, '0', 0, '2017-04-10', '2017-04-10'),
(1857, 66, '0', 0, '2017-04-09', '2017-04-09'),
(1858, 66, '0', 0, '2017-04-11', '2017-04-11'),
(1859, 66, '0', 0, '2017-04-12', '2017-04-12'),
(1860, 66, '0', 0, '2017-04-13', '2017-04-13'),
(1861, 66, '0', 0, '2017-04-14', '2017-04-14'),
(1862, 66, '0', 0, '2017-04-15', '2017-04-15'),
(1863, 66, '0', 0, '2017-04-17', '2017-04-17'),
(1864, 66, '0', 0, '2017-04-18', '2017-04-18'),
(1865, 68, '0', 0, '2017-04-01', '2017-04-01'),
(1866, 68, '0', 0, '2017-03-26', '2017-03-26'),
(1867, 68, '0', 0, '2017-04-03', '2017-04-03'),
(1868, 68, '0', 0, '2017-04-02', '2017-04-02'),
(1869, 68, '0', 0, '2017-04-04', '2017-04-04'),
(1870, 68, '0', 0, '2017-04-05', '2017-04-05'),
(1871, 68, '0', 0, '2017-04-06', '2017-04-06'),
(1872, 68, '0', 0, '2017-04-07', '2017-04-07'),
(1873, 68, '0', 0, '2017-04-08', '2017-04-08'),
(1874, 68, '0', 0, '2017-04-10', '2017-04-10'),
(1875, 68, '0', 0, '2017-04-09', '2017-04-09'),
(1876, 68, '0', 0, '2017-04-11', '2017-04-11'),
(1877, 68, '0', 0, '2017-04-12', '2017-04-12'),
(1878, 68, '0', 0, '2017-04-13', '2017-04-13'),
(1879, 68, '0', 0, '2017-04-14', '2017-04-14'),
(1880, 68, '0', 0, '2017-04-15', '2017-04-15'),
(1881, 68, '0', 0, '2017-04-17', '2017-04-17'),
(1882, 68, '0', 0, '2017-04-18', '2017-04-18'),
(1883, 2, '100', 0, '2017-04-01', '2017-04-01'),
(1884, 2, '100', 0, '2017-03-26', '2017-03-26'),
(1885, 2, '0', 0, '2017-04-03', '2017-04-03'),
(1886, 2, '100', 0, '2017-04-02', '2017-04-02'),
(1887, 2, '100', 0, '2017-04-04', '2017-04-04'),
(1888, 2, '0', 0, '2017-04-05', '2017-04-05'),
(1889, 2, '0', 0, '2017-04-06', '2017-04-06'),
(1890, 2, '0', 0, '2017-04-07', '2017-04-07'),
(1891, 2, '0', 0, '2017-04-08', '2017-04-08'),
(1892, 2, '0', 0, '2017-04-10', '2017-04-10'),
(1893, 2, '95', 0, '2017-04-09', '2017-04-09'),
(1894, 2, '95', 0, '2017-04-11', '2017-04-11'),
(1895, 2, '0', 0, '2017-04-12', '2017-04-12'),
(1896, 2, '0', 0, '2017-04-13', '2017-04-13'),
(1897, 2, '0', 0, '2017-04-14', '2017-04-14'),
(1898, 2, '0', 0, '2017-04-15', '2017-04-15'),
(1899, 2, '100', 0, '2017-04-17', '2017-04-17'),
(1900, 2, '600', 0, '2017-04-16', '2017-04-16'),
(1901, 2, '100', 0, '2017-04-18', '2017-04-18'),
(1902, 2, '100', 0, '2017-04-19', '2017-04-19'),
(1903, 2, '100', 0, '2017-04-20', '2017-04-20'),
(1904, 2, '100', 0, '2017-04-21', '2017-04-21'),
(1905, 2, '100', 0, '2017-04-22', '2017-04-22'),
(1906, 2, '85', 0, '2017-04-24', '2017-04-24'),
(1907, 2, '180', 0, '2017-04-23', '2017-04-23'),
(1908, 2, '0', 0, '2017-04-25', '2017-04-25'),
(1909, 2, '0', 0, '2017-04-26', '2017-04-26'),
(1910, 2, '95', 0, '2017-04-27', '2017-04-27'),
(1911, 2, '0', 0, '2017-04-28', '2017-04-28'),
(1912, 2, '0', 0, '2017-04-29', '2017-04-29'),
(1913, 27, '100', 0, '2017-04-01', '2017-04-01'),
(1914, 27, '100', 0, '2017-03-26', '2017-03-26'),
(1915, 27, '95', 0, '2017-04-03', '2017-04-03'),
(1916, 27, '480', 0, '2017-04-02', '2017-04-02'),
(1917, 27, '95', 0, '2017-04-04', '2017-04-04'),
(1918, 27, '95', 0, '2017-04-05', '2017-04-05'),
(1919, 27, '95', 0, '2017-04-06', '2017-04-06'),
(1920, 27, '100', 0, '2017-04-07', '2017-04-07'),
(1921, 27, '0', 0, '2017-04-08', '2017-04-08'),
(1922, 27, '85', 0, '2017-04-10', '2017-04-10'),
(1923, 27, '180', 0, '2017-04-09', '2017-04-09'),
(1924, 27, '95', 0, '2017-04-11', '2017-04-11'),
(1925, 27, '0', 0, '2017-04-12', '2017-04-12'),
(1926, 27, '0', 0, '2017-04-13', '2017-04-13'),
(1927, 27, '0', 0, '2017-04-14', '2017-04-14'),
(1928, 27, '0', 0, '2017-04-15', '2017-04-15'),
(1929, 27, '100', 0, '2017-04-17', '2017-04-17'),
(1930, 27, '490', 0, '2017-04-16', '2017-04-16'),
(1931, 27, '100', 0, '2017-04-18', '2017-04-18'),
(1932, 27, '95', 0, '2017-04-19', '2017-04-19'),
(1933, 27, '100', 0, '2017-04-20', '2017-04-20'),
(1934, 27, '95', 0, '2017-04-21', '2017-04-21'),
(1935, 27, '0', 0, '2017-04-22', '2017-04-22'),
(1936, 27, '0', 0, '2017-04-24', '2017-04-24'),
(1937, 27, '95', 0, '2017-04-23', '2017-04-23'),
(1938, 27, '0', 0, '2017-04-25', '2017-04-25'),
(1939, 27, '0', 0, '2017-04-26', '2017-04-26'),
(1940, 27, '0', 0, '2017-04-27', '2017-04-27'),
(1941, 27, '95', 0, '2017-04-28', '2017-04-28'),
(1942, 27, '0', 0, '2017-04-29', '2017-04-29'),
(1943, 30, '100', 0, '2017-04-01', '2017-04-01'),
(1944, 30, '100', 0, '2017-03-26', '2017-03-26'),
(1945, 30, '0', 0, '2017-04-03', '2017-04-03'),
(1946, 30, '170', 0, '2017-04-02', '2017-04-02'),
(1947, 30, '0', 0, '2017-04-04', '2017-04-04'),
(1948, 30, '0', 0, '2017-04-05', '2017-04-05'),
(1949, 30, '0', 0, '2017-04-06', '2017-04-06'),
(1950, 30, '85', 0, '2017-04-07', '2017-04-07'),
(1951, 30, '85', 0, '2017-04-08', '2017-04-08'),
(1952, 30, '0', 0, '2017-04-10', '2017-04-10'),
(1953, 30, '0', 0, '2017-04-09', '2017-04-09'),
(1954, 30, '0', 0, '2017-04-11', '2017-04-11'),
(1955, 30, '0', 0, '2017-04-12', '2017-04-12'),
(1956, 30, '0', 0, '2017-04-13', '2017-04-13'),
(1957, 30, '0', 0, '2017-04-14', '2017-04-14'),
(1958, 30, '0', 0, '2017-04-15', '2017-04-15'),
(1959, 30, '100', 0, '2017-04-17', '2017-04-17'),
(1960, 30, '295', 0, '2017-04-16', '2017-04-16'),
(1961, 30, '100', 0, '2017-04-18', '2017-04-18'),
(1962, 30, '95', 0, '2017-04-19', '2017-04-19'),
(1963, 30, '0', 0, '2017-04-20', '2017-04-20'),
(1964, 30, '0', 0, '2017-04-21', '2017-04-21'),
(1965, 30, '0', 0, '2017-04-22', '2017-04-22'),
(1966, 30, '95', 0, '2017-04-24', '2017-04-24'),
(1967, 30, '290', 0, '2017-04-23', '2017-04-23'),
(1968, 30, '100', 0, '2017-04-25', '2017-04-25'),
(1969, 30, '0', 0, '2017-04-26', '2017-04-26'),
(1970, 30, '0', 0, '2017-04-27', '2017-04-27'),
(1971, 30, '95', 0, '2017-04-28', '2017-04-28'),
(1972, 30, '0', 0, '2017-04-29', '2017-04-29'),
(1973, 54, '100', 0, '2017-04-01', '2017-04-01'),
(1974, 54, '100', 0, '2017-03-26', '2017-03-26'),
(1975, 54, '85', 0, '2017-04-03', '2017-04-03'),
(1976, 54, '350', 0, '2017-04-02', '2017-04-02'),
(1977, 54, '85', 0, '2017-04-04', '2017-04-04'),
(1978, 54, '95', 0, '2017-04-05', '2017-04-05'),
(1979, 54, '85', 0, '2017-04-06', '2017-04-06'),
(1980, 54, '0', 0, '2017-04-07', '2017-04-07'),
(1981, 54, '0', 0, '2017-04-08', '2017-04-08'),
(1982, 54, '85', 0, '2017-04-10', '2017-04-10'),
(1983, 54, '385', 0, '2017-04-09', '2017-04-09'),
(1984, 54, '100', 0, '2017-04-11', '2017-04-11'),
(1985, 54, '100', 0, '2017-04-12', '2017-04-12'),
(1986, 54, '0', 0, '2017-04-13', '2017-04-13'),
(1987, 54, '0', 0, '2017-04-13', '2017-04-13'),
(1988, 54, '0', 0, '2017-04-14', '2017-04-14'),
(1989, 54, '100', 0, '2017-04-15', '2017-04-15'),
(1990, 54, '100', 0, '2017-04-17', '2017-04-17'),
(1991, 54, '455', 0, '2017-04-16', '2017-04-16'),
(1992, 54, '100', 0, '2017-04-18', '2017-04-18'),
(1993, 54, '85', 0, '2017-04-19', '2017-04-19'),
(1994, 54, '85', 0, '2017-04-20', '2017-04-20'),
(1995, 54, '85', 0, '2017-04-21', '2017-04-21'),
(1996, 54, '0', 0, '2017-04-22', '2017-04-22'),
(1997, 54, '85', 0, '2017-04-24', '2017-04-24'),
(1998, 54, '465', 0, '2017-04-23', '2017-04-23'),
(1999, 54, '85', 0, '2017-04-25', '2017-04-25'),
(2000, 54, '95', 0, '2017-04-26', '2017-04-26'),
(2001, 54, '100', 0, '2017-04-27', '2017-04-27'),
(2002, 54, '100', 0, '2017-04-28', '2017-04-28'),
(2003, 54, '0', 0, '2017-04-29', '2017-04-29'),
(2004, 55, '100', 0, '2017-04-01', '2017-04-01'),
(2005, 55, '100', 0, '2017-03-26', '2017-03-26'),
(2006, 55, '0', 0, '2017-04-03', '2017-04-03'),
(2007, 55, '85', 0, '2017-04-02', '2017-04-02'),
(2008, 55, '85', 0, '2017-04-04', '2017-04-04'),
(2009, 55, '0', 0, '2017-04-05', '2017-04-05'),
(2010, 55, '0', 0, '2017-04-06', '2017-04-06'),
(2011, 55, '0', 0, '2017-04-07', '2017-04-07'),
(2012, 55, '0', 0, '2017-04-08', '2017-04-08'),
(2013, 55, '100', 0, '2017-04-10', '2017-04-10'),
(2014, 55, '300', 0, '2017-04-09', '2017-04-09'),
(2015, 55, '100', 0, '2017-04-11', '2017-04-11'),
(2016, 55, '100', 0, '2017-04-12', '2017-04-12'),
(2017, 55, '0', 0, '2017-04-13', '2017-04-13'),
(2018, 55, '0', 0, '2017-04-14', '2017-04-14'),
(2019, 55, '0', 0, '2017-04-15', '2017-04-15'),
(2020, 55, '0', 0, '2017-04-17', '2017-04-17'),
(2021, 55, '0', 0, '2017-04-16', '2017-04-16'),
(2022, 55, '0', 0, '2017-04-18', '2017-04-18'),
(2023, 55, '0', 0, '2017-04-19', '2017-04-19'),
(2024, 55, '0', 0, '2017-04-20', '2017-04-20'),
(2025, 55, '0', 0, '2017-04-21', '2017-04-21'),
(2026, 55, '0', 0, '2017-04-22', '2017-04-22'),
(2027, 55, '0', 0, '2017-04-24', '2017-04-24'),
(2028, 55, '0', 0, '2017-04-23', '2017-04-23'),
(2029, 55, '0', 0, '2017-04-25', '2017-04-25'),
(2030, 55, '0', 0, '2017-04-26', '2017-04-26'),
(2031, 55, '0', 0, '2017-04-27', '2017-04-27'),
(2032, 55, '0', 0, '2017-04-28', '2017-04-28'),
(2033, 55, '0', 0, '2017-04-29', '2017-04-29'),
(2034, 56, '100', 0, '2017-04-01', '2017-04-01'),
(2035, 56, '100', 0, '2017-03-26', '2017-03-26'),
(2036, 56, '0', 0, '2017-04-03', '2017-04-03'),
(2037, 56, '85', 0, '2017-04-02', '2017-04-02'),
(2038, 56, '0', 0, '2017-04-04', '2017-04-04'),
(2039, 56, '85', 0, '2017-04-05', '2017-04-05'),
(2040, 56, '0', 0, '2017-04-06', '2017-04-06'),
(2041, 56, '0', 0, '2017-04-07', '2017-04-07'),
(2042, 56, '0', 0, '2017-04-08', '2017-04-08'),
(2043, 56, '0', 0, '2017-04-10', '2017-04-10'),
(2044, 56, '85', 0, '2017-04-09', '2017-04-09'),
(2045, 56, '85', 0, '2017-04-11', '2017-04-11'),
(2046, 56, '0', 0, '2017-04-12', '2017-04-12'),
(2047, 56, '0', 0, '2017-04-13', '2017-04-13'),
(2048, 56, '0', 0, '2017-04-14', '2017-04-14'),
(2049, 56, '0', 0, '2017-04-15', '2017-04-15'),
(2050, 56, '85', 0, '2017-04-17', '2017-04-17'),
(2051, 56, '365', 0, '2017-04-16', '2017-04-16'),
(2052, 56, '100', 0, '2017-04-18', '2017-04-18'),
(2053, 56, '85', 0, '2017-04-19', '2017-04-19'),
(2054, 56, '0', 0, '2017-04-20', '2017-04-20'),
(2055, 56, '95', 0, '2017-04-21', '2017-04-21'),
(2056, 56, '0', 0, '2017-04-22', '2017-04-22'),
(2057, 56, '0', 0, '2017-04-24', '2017-04-24'),
(2058, 56, '255', 0, '2017-04-23', '2017-04-23'),
(2059, 56, '0', 0, '2017-04-25', '2017-04-25'),
(2060, 56, '85', 0, '2017-04-26', '2017-04-26'),
(2061, 56, '85', 0, '2017-04-27', '2017-04-27'),
(2062, 56, '85', 0, '2017-04-28', '2017-04-28'),
(2063, 56, '0', 0, '2017-04-29', '2017-04-29'),
(2064, 60, '100', 0, '2017-04-01', '2017-04-01'),
(2065, 60, '100', 0, '2017-03-26', '2017-03-26'),
(2066, 60, '0', 0, '2017-04-03', '2017-04-03'),
(2067, 60, '450', 0, '2017-04-02', '2017-04-02'),
(2068, 60, '85', 0, '2017-04-04', '2017-04-04'),
(2069, 60, '85', 0, '2017-04-05', '2017-04-05'),
(2070, 60, '100', 0, '2017-04-06', '2017-04-06'),
(2071, 60, '95', 0, '2017-04-07', '2017-04-07'),
(2072, 60, '85', 0, '2017-04-08', '2017-04-08'),
(2073, 60, '0', 0, '2017-04-11', '2017-04-11'),
(2074, 60, '85', 0, '2017-04-09', '2017-04-09'),
(2075, 60, '85', 0, '2017-04-10', '2017-04-10'),
(2076, 60, '0', 0, '2017-04-12', '2017-04-12'),
(2077, 60, '0', 0, '2017-04-13', '2017-04-13'),
(2078, 60, '0', 0, '2017-04-14', '2017-04-14'),
(2079, 60, '0', 0, '2017-04-15', '2017-04-15'),
(2080, 60, '85', 0, '2017-04-17', '2017-04-17'),
(2081, 60, '460', 0, '2017-04-16', '2017-04-16'),
(2082, 60, '85', 0, '2017-04-18', '2017-04-18'),
(2083, 60, '95', 0, '2017-04-19', '2017-04-19'),
(2084, 60, '0', 0, '2017-04-20', '2017-04-20'),
(2085, 60, '95', 0, '2017-04-21', '2017-04-21'),
(2086, 60, '100', 0, '2017-04-22', '2017-04-22'),
(2087, 60, '100', 0, '2017-04-24', '2017-04-24'),
(2088, 60, '595', 0, '2017-04-23', '2017-04-23'),
(2089, 60, '95', 0, '2017-04-25', '2017-04-25'),
(2090, 60, '100', 0, '2017-04-26', '2017-04-26'),
(2091, 60, '100', 0, '2017-04-27', '2017-04-27'),
(2092, 60, '100', 0, '2017-04-28', '2017-04-28'),
(2093, 60, '100', 0, '2017-04-29', '2017-04-29'),
(2094, 63, '100', 0, '2017-04-01', '2017-04-01'),
(2095, 63, '100', 0, '2017-03-26', '2017-03-26'),
(2096, 63, '0', 0, '2017-04-03', '2017-04-03'),
(2097, 63, '195', 0, '2017-04-02', '2017-04-02'),
(2098, 63, '95', 0, '2017-04-04', '2017-04-04'),
(2099, 63, '100', 0, '2017-04-05', '2017-04-05'),
(2100, 63, '0', 0, '2017-04-06', '2017-04-06'),
(2101, 63, '0', 0, '2017-04-07', '2017-04-07'),
(2102, 63, '0', 0, '2017-04-08', '2017-04-08'),
(2103, 63, '100', 0, '2017-04-10', '2017-04-10'),
(2104, 63, '385', 0, '2017-04-09', '2017-04-09'),
(2105, 63, '100', 0, '2017-04-11', '2017-04-11'),
(2106, 63, '100', 0, '2017-04-12', '2017-04-12'),
(2107, 63, '0', 0, '2017-04-13', '2017-04-13'),
(2108, 63, '0', 0, '2017-04-14', '2017-04-14'),
(2109, 63, '85', 0, '2017-04-15', '2017-04-15'),
(2110, 63, '100', 0, '2017-04-17', '2017-04-17'),
(2111, 63, '600', 0, '2017-04-16', '2017-04-16'),
(2112, 63, '100', 0, '2017-04-18', '2017-04-18'),
(2113, 63, '100', 0, '2017-04-19', '2017-04-19'),
(2114, 63, '100', 0, '2017-04-20', '2017-04-20'),
(2115, 63, '100', 0, '2017-04-21', '2017-04-21'),
(2116, 63, '100', 0, '2017-04-22', '2017-04-22'),
(2117, 63, '100', 0, '2017-04-24', '2017-04-24'),
(2118, 63, '600', 0, '2017-04-23', '2017-04-23'),
(2119, 63, '100', 0, '2017-04-25', '2017-04-25'),
(2120, 63, '100', 0, '2017-04-26', '2017-04-26'),
(2121, 63, '100', 0, '2017-04-27', '2017-04-27'),
(2122, 63, '100', 0, '2017-04-28', '2017-04-28'),
(2123, 63, '100', 0, '2017-04-29', '2017-04-29'),
(2124, 64, '100', 0, '2017-04-01', '2017-04-01'),
(2125, 64, '100', 0, '2017-03-26', '2017-03-26'),
(2126, 64, '100', 0, '2017-04-03', '2017-04-03'),
(2127, 64, '575', 0, '2017-04-02', '2017-04-02'),
(2128, 64, '95', 0, '2017-04-04', '2017-04-04'),
(2129, 64, '100', 0, '2017-04-05', '2017-04-05'),
(2130, 64, '95', 0, '2017-04-06', '2017-04-06'),
(2131, 64, '85', 0, '2017-04-07', '2017-04-07'),
(2132, 64, '100', 0, '2017-04-08', '2017-04-08'),
(2133, 64, '95', 0, '2017-04-10', '2017-04-10'),
(2134, 64, '275', 0, '2017-04-09', '2017-04-09'),
(2135, 64, '95', 0, '2017-04-11', '2017-04-11'),
(2136, 64, '85', 0, '2017-04-12', '2017-04-12'),
(2137, 64, '0', 0, '2017-04-13', '2017-04-13'),
(2138, 64, '0', 0, '2017-04-14', '2017-04-14'),
(2139, 64, '0', 0, '2017-04-15', '2017-04-15'),
(2140, 64, '85', 0, '2017-04-17', '2017-04-17'),
(2141, 64, '545', 0, '2017-04-16', '2017-04-16'),
(2142, 64, '85', 0, '2017-04-18', '2017-04-18');
INSERT INTO `calendar` (`Id`, `IdTb`, `title`, `puntos`, `start`, `end`) VALUES
(2143, 64, '100', 0, '2017-04-19', '2017-04-19'),
(2144, 64, '95', 0, '2017-04-20', '2017-04-20'),
(2145, 64, '85', 0, '2017-04-21', '2017-04-21'),
(2146, 64, '95', 0, '2017-04-22', '2017-04-22'),
(2147, 64, '85', 0, '2017-04-24', '2017-04-24'),
(2148, 64, '575', 0, '2017-04-23', '2017-04-23'),
(2149, 64, '95', 0, '2017-04-25', '2017-04-25'),
(2150, 64, '100', 0, '2017-04-26', '2017-04-26'),
(2151, 64, '100', 0, '2017-04-27', '2017-04-27'),
(2152, 64, '95', 0, '2017-04-28', '2017-04-28'),
(2153, 64, '100', 0, '2017-04-29', '2017-04-29'),
(2154, 65, '100', 0, '2017-04-01', '2017-04-01'),
(2155, 65, '100', 0, '2017-03-26', '2017-03-26'),
(2156, 65, '0', 0, '2017-04-03', '2017-04-03'),
(2157, 65, '85', 0, '2017-04-02', '2017-04-02'),
(2158, 65, '85', 0, '2017-04-04', '2017-04-04'),
(2159, 65, '0', 0, '2017-04-05', '2017-04-05'),
(2160, 65, '0', 0, '2017-04-06', '2017-04-06'),
(2161, 65, '0', 0, '2017-04-07', '2017-04-07'),
(2162, 65, '0', 0, '2017-04-08', '2017-04-08'),
(2163, 65, '100', 0, '2017-04-10', '2017-04-10'),
(2164, 65, '285', 0, '2017-04-09', '2017-04-09'),
(2165, 65, '100', 0, '2017-04-11', '2017-04-11'),
(2166, 65, '85', 0, '2017-04-12', '2017-04-12'),
(2167, 65, '0', 0, '2017-04-13', '2017-04-13'),
(2168, 65, '0', 0, '2017-04-14', '2017-04-14'),
(2169, 65, '0', 0, '2017-04-15', '2017-04-15'),
(2170, 65, '95', 0, '2017-04-17', '2017-04-17'),
(2171, 65, '595', 0, '2017-04-16', '2017-04-16'),
(2172, 65, '100', 0, '2017-04-18', '2017-04-18'),
(2173, 65, '100', 0, '2017-04-19', '2017-04-19'),
(2174, 65, '100', 0, '2017-04-20', '2017-04-20'),
(2175, 65, '100', 0, '2017-04-21', '2017-04-21'),
(2176, 65, '100', 0, '2017-04-22', '2017-04-22'),
(2177, 65, '95', 0, '2017-04-24', '2017-04-24'),
(2178, 65, '590', 0, '2017-04-23', '2017-04-23'),
(2179, 65, '95', 0, '2017-04-25', '2017-04-25'),
(2180, 65, '100', 0, '2017-04-26', '2017-04-26'),
(2181, 65, '100', 0, '2017-04-27', '2017-04-27'),
(2182, 65, '100', 0, '2017-04-28', '2017-04-28'),
(2183, 65, '100', 0, '2017-04-29', '2017-04-29'),
(2184, 44, '100', 0, '2017-04-10', '2017-04-10'),
(2185, 44, '380', 0, '2017-04-09', '2017-04-09'),
(2186, 44, '95', 0, '2017-04-11', '2017-04-11'),
(2187, 44, '0', 0, '2017-04-12', '2017-04-12'),
(2188, 44, '85', 0, '2017-04-13', '2017-04-13'),
(2189, 44, '0', 0, '2017-04-14', '2017-04-14'),
(2190, 44, '100', 0, '2017-04-15', '2017-04-15'),
(2191, 2, '0', 0, '2017-05-02', '2017-05-02'),
(2192, 2, '0', 0, '2017-04-30', '2017-04-30'),
(2193, 2, '0', 0, '2017-05-03', '2017-05-03'),
(2194, 2, '0', 0, '2017-05-04', '2017-05-04'),
(2195, 2, '0', 0, '2017-05-05', '2017-05-05'),
(2196, 2, '85', 0, '2017-05-08', '2017-05-08'),
(2197, 2, '85', 0, '2017-05-07', '2017-05-07'),
(2198, 27, '0', 0, '2017-05-02', '2017-05-02'),
(2199, 27, '0', 0, '2017-04-30', '2017-04-30'),
(2200, 27, '0', 0, '2017-05-03', '2017-05-03'),
(2201, 27, '0', 0, '2017-05-04', '2017-05-04'),
(2202, 27, '0', 0, '2017-05-05', '2017-05-05'),
(2203, 27, '0', 0, '2017-05-06', '2017-05-06'),
(2204, 27, '85', 0, '2017-05-08', '2017-05-08'),
(2205, 27, '85', 0, '2017-05-07', '2017-05-07'),
(2206, 2, '0', 0, '2017-05-09', '2017-05-09'),
(2207, 27, '0', 0, '2017-05-09', '2017-05-09'),
(2208, 30, '0', 0, '2017-05-02', '2017-05-02'),
(2209, 30, '0', 0, '2017-04-30', '2017-04-30'),
(2210, 30, '0', 0, '2017-05-03', '2017-05-03'),
(2211, 30, '0', 0, '2017-05-04', '2017-05-04'),
(2212, 30, '0', 0, '2017-05-05', '2017-05-05'),
(2213, 30, '0', 0, '2017-05-06', '2017-05-06'),
(2214, 30, '0', 0, '2017-05-08', '2017-05-08'),
(2215, 30, '185', 0, '2017-05-07', '2017-05-07'),
(2216, 30, '85', 0, '2017-05-09', '2017-05-09'),
(2217, 54, '85', 0, '2017-05-02', '2017-05-02'),
(2218, 54, '445', 0, '2017-04-30', '2017-04-30'),
(2219, 54, '85', 0, '2017-05-03', '2017-05-03'),
(2220, 54, '95', 0, '2017-05-04', '2017-05-04'),
(2221, 54, '95', 0, '2017-05-05', '2017-05-05'),
(2222, 54, '85', 0, '2017-05-06', '2017-05-06'),
(2223, 54, '0', 0, '2017-05-08', '2017-05-08'),
(2224, 54, '185', 0, '2017-05-07', '2017-05-07'),
(2225, 54, '0', 0, '2017-05-09', '2017-05-09'),
(2226, 55, '0', 0, '2017-05-02', '2017-05-02'),
(2227, 55, '0', 0, '2017-04-30', '2017-04-30'),
(2228, 55, '0', 0, '2017-05-03', '2017-05-03'),
(2229, 55, '0', 0, '2017-05-04', '2017-05-04'),
(2230, 55, '0', 0, '2017-05-05', '2017-05-05'),
(2231, 55, '0', 0, '2017-05-06', '2017-05-06'),
(2232, 55, '0', 0, '2017-05-08', '2017-05-08'),
(2233, 55, '85', 0, '2017-05-07', '2017-05-07'),
(2234, 55, '0', 0, '2017-05-09', '2017-05-09'),
(2235, 56, '0', 0, '2017-05-02', '2017-05-02'),
(2236, 56, '85', 0, '2017-04-30', '2017-04-30'),
(2237, 56, '0', 0, '2017-05-03', '2017-05-03'),
(2238, 56, '85', 0, '2017-05-04', '2017-05-04'),
(2239, 56, '0', 0, '2017-05-05', '2017-05-05'),
(2240, 56, '0', 0, '2017-05-06', '2017-05-06'),
(2241, 56, '100', 0, '2017-05-08', '2017-05-08'),
(2242, 56, '185', 0, '2017-05-07', '2017-05-07'),
(2243, 56, '85', 0, '2017-05-09', '2017-05-09'),
(2244, 60, '0', 0, '2017-05-02', '2017-05-02'),
(2245, 60, '0', 0, '2017-04-30', '2017-04-30'),
(2246, 60, '0', 0, '2017-05-03', '2017-05-03'),
(2247, 60, '0', 0, '2017-05-04', '2017-05-04'),
(2248, 60, '0', 0, '2017-05-05', '2017-05-05'),
(2249, 60, '0', 0, '2017-05-06', '2017-05-06'),
(2250, 60, '0', 0, '2017-05-08', '2017-05-08'),
(2251, 60, '0', 0, '2017-05-07', '2017-05-07'),
(2252, 60, '0', 0, '2017-05-09', '2017-05-09'),
(2253, 79, '0', 0, '2017-05-02', '2017-05-02'),
(2254, 79, '0', 0, '2017-04-30', '2017-04-30'),
(2255, 79, '0', 0, '2017-05-03', '2017-05-03'),
(2256, 79, '0', 0, '2017-05-04', '2017-05-04'),
(2257, 79, '0', 0, '2017-05-05', '2017-05-05'),
(2258, 79, '0', 0, '2017-05-06', '2017-05-06'),
(2259, 79, '0', 0, '2017-05-08', '2017-05-08'),
(2260, 79, '0', 0, '2017-05-07', '2017-05-07'),
(2261, 79, '0', 0, '2017-05-09', '2017-05-09'),
(2262, 2, '0', 0, '2017-05-10', '2017-05-10'),
(2263, 2, '0', 0, '2017-05-11', '2017-05-11'),
(2264, 2, '0', 0, '2017-05-12', '2017-05-12'),
(2265, 2, '0', 0, '2017-05-13', '2017-05-13'),
(2266, 2, '0', 0, '2017-05-15', '2017-05-15'),
(2267, 2, '0', 0, '2017-05-14', '2017-05-14'),
(2268, 2, '0', 0, '2017-05-16', '2017-05-16'),
(2269, 2, '0', 0, '2017-05-17', '2017-05-17'),
(2270, 27, '0', 0, '2017-05-10', '2017-05-10'),
(2271, 27, '0', 0, '2017-05-11', '2017-05-11'),
(2272, 27, '0', 0, '2017-05-12', '2017-05-12'),
(2273, 27, '0', 0, '2017-05-13', '2017-05-13'),
(2274, 27, '0', 0, '2017-05-15', '2017-05-15'),
(2275, 27, '170', 0, '2017-05-14', '2017-05-14'),
(2276, 27, '0', 0, '2017-05-16', '2017-05-16'),
(2277, 27, '0', 0, '2017-05-17', '2017-05-17'),
(2278, 30, '0', 0, '2017-05-10', '2017-05-10'),
(2279, 30, '0', 0, '2017-05-11', '2017-05-11'),
(2280, 30, '0', 0, '2017-05-12', '2017-05-12'),
(2281, 30, '100', 0, '2017-05-13', '2017-05-13'),
(2282, 30, '0', 0, '2017-05-15', '2017-05-15'),
(2283, 30, '0', 0, '2017-05-14', '2017-05-14'),
(2284, 30, '0', 0, '2017-05-16', '2017-05-16'),
(2285, 30, '0', 0, '2017-05-17', '2017-05-17'),
(2286, 54, '85', 0, '2017-05-10', '2017-05-10'),
(2287, 54, '0', 0, '2017-05-11', '2017-05-11'),
(2288, 54, '0', 0, '2017-05-12', '2017-05-12'),
(2289, 54, '100', 0, '2017-05-13', '2017-05-13'),
(2290, 54, '0', 0, '2017-05-15', '2017-05-15'),
(2291, 54, '95', 0, '2017-05-14', '2017-05-14'),
(2292, 54, '0', 0, '2017-05-16', '2017-05-16'),
(2293, 54, '0', 0, '2017-05-17', '2017-05-17'),
(2294, 55, '0', 0, '2017-05-10', '2017-05-10'),
(2295, 55, '0', 0, '2017-05-11', '2017-05-11'),
(2296, 55, '0', 0, '2017-05-12', '2017-05-12'),
(2297, 55, '85', 0, '2017-05-13', '2017-05-13'),
(2298, 55, '0', 0, '2017-05-15', '2017-05-15'),
(2299, 55, '0', 0, '2017-05-14', '2017-05-14'),
(2300, 55, '0', 0, '2017-05-16', '2017-05-16'),
(2301, 55, '0', 0, '2017-05-17', '2017-05-17'),
(2302, 56, '0', 0, '2017-05-10', '2017-05-10'),
(2303, 56, '0', 0, '2017-05-11', '2017-05-11'),
(2304, 56, '0', 0, '2017-05-12', '2017-05-12'),
(2305, 56, '0', 0, '2017-05-13', '2017-05-13'),
(2306, 56, '0', 0, '2017-05-15', '2017-05-15'),
(2307, 56, '0', 0, '2017-05-14', '2017-05-14'),
(2308, 56, '0', 0, '2017-05-16', '2017-05-16'),
(2309, 56, '0', 0, '2017-05-17', '2017-05-17'),
(2310, 60, '0', 0, '2017-05-10', '2017-05-10'),
(2311, 60, '0', 0, '2017-05-11', '2017-05-11'),
(2312, 60, '0', 0, '2017-05-12', '2017-05-12'),
(2313, 60, '0', 0, '2017-05-13', '2017-05-13'),
(2314, 60, '0', 0, '2017-05-15', '2017-05-15'),
(2315, 60, '0', 0, '2017-05-14', '2017-05-14'),
(2316, 60, '0', 0, '2017-05-16', '2017-05-16'),
(2317, 60, '0', 0, '2017-05-17', '2017-05-17'),
(2318, 79, '0', 0, '2017-05-10', '2017-05-10'),
(2319, 79, '0', 0, '2017-05-11', '2017-05-11'),
(2320, 79, '0', 0, '2017-05-12', '2017-05-12'),
(2321, 79, '0', 0, '2017-05-13', '2017-05-13'),
(2322, 79, '0', 0, '2017-05-15', '2017-05-15'),
(2323, 79, '0', 0, '2017-05-14', '2017-05-14'),
(2324, 79, '0', 0, '2017-05-16', '2017-05-16'),
(2325, 79, '0', 0, '2017-05-17', '2017-05-17'),
(2326, 2, '0', 0, '2017-05-18', '2017-05-18'),
(2327, 2, '0', 0, '2017-05-19', '2017-05-19'),
(2328, 2, '0', 0, '2017-05-20', '2017-05-20'),
(2329, 2, '0', 0, '2017-05-22', '2017-05-22'),
(2330, 2, '0', 0, '2017-05-21', '2017-05-21'),
(2331, 27, '85', 0, '2017-05-18', '2017-05-18'),
(2332, 27, '0', 0, '2017-05-19', '2017-05-19'),
(2333, 27, '85', 0, '2017-05-20', '2017-05-20'),
(2334, 30, '0', 0, '2017-05-18', '2017-05-18'),
(2335, 30, '0', 0, '2017-05-19', '2017-05-19'),
(2336, 30, '0', 0, '2017-05-20', '2017-05-20'),
(2337, 30, '0', 0, '2017-05-22', '2017-05-22'),
(2338, 30, '0', 0, '2017-05-21', '2017-05-21'),
(2339, 54, '0', 0, '2017-05-18', '2017-05-18'),
(2340, 54, '0', 0, '2017-05-19', '2017-05-19'),
(2341, 54, '95', 0, '2017-05-20', '2017-05-20'),
(2342, 54, '85', 0, '2017-05-22', '2017-05-22'),
(2343, 54, '85', 0, '2017-05-21', '2017-05-21'),
(2344, 55, '0', 0, '2017-05-18', '2017-05-18'),
(2345, 55, '0', 0, '2017-05-19', '2017-05-19'),
(2346, 55, '0', 0, '2017-05-20', '2017-05-20'),
(2347, 55, '0', 0, '2017-05-22', '2017-05-22'),
(2348, 55, '0', 0, '2017-05-21', '2017-05-21'),
(2349, 56, '0', 0, '2017-05-18', '2017-05-18'),
(2350, 56, '0', 0, '2017-05-19', '2017-05-19'),
(2351, 56, '0', 0, '2017-05-20', '2017-05-20'),
(2352, 56, '0', 0, '2017-05-22', '2017-05-22'),
(2353, 56, '0', 0, '2017-05-21', '2017-05-21'),
(2354, 60, '0', 0, '2017-05-18', '2017-05-18'),
(2355, 60, '0', 0, '2017-05-19', '2017-05-19'),
(2356, 60, '0', 0, '2017-05-20', '2017-05-20'),
(2357, 60, '0', 0, '2017-05-22', '2017-05-22'),
(2358, 60, '0', 0, '2017-05-21', '2017-05-21'),
(2359, 58, '95', 0, '2017-05-02', '2017-05-02'),
(2360, 58, '495', 0, '2017-04-30', '2017-04-30'),
(2361, 58, '100', 0, '2017-05-03', '2017-05-03'),
(2362, 58, '100', 0, '2017-05-04', '2017-05-04'),
(2363, 58, '100', 0, '2017-05-05', '2017-05-05'),
(2364, 58, '100', 0, '2017-05-06', '2017-05-06'),
(2365, 58, '0', 0, '2017-05-08', '2017-05-08'),
(2366, 58, '270', 0, '2017-05-07', '2017-05-07'),
(2367, 58, '85', 0, '2017-05-09', '2017-05-09'),
(2368, 58, '85', 0, '2017-05-10', '2017-05-10'),
(2369, 58, '0', 0, '2017-05-11', '2017-05-11'),
(2370, 58, '0', 0, '2017-05-12', '2017-05-12'),
(2371, 58, '100', 0, '2017-05-13', '2017-05-13'),
(2372, 58, '95', 0, '2017-05-15', '2017-05-15'),
(2373, 58, '275', 0, '2017-05-14', '2017-05-14'),
(2374, 58, '0', 0, '2017-05-16', '2017-05-16'),
(2375, 58, '0', 0, '2017-05-17', '2017-05-17'),
(2376, 58, '0', 0, '2017-05-18', '2017-05-18'),
(2377, 58, '95', 0, '2017-05-19', '2017-05-19'),
(2378, 58, '85', 0, '2017-05-20', '2017-05-20'),
(2379, 58, '85', 0, '2017-05-22', '2017-05-22'),
(2380, 58, '85', 0, '2017-05-21', '2017-05-21'),
(2381, 3, '0', 0, '2017-05-02', '2017-05-02'),
(2382, 3, '360', 0, '2017-04-30', '2017-04-30'),
(2383, 3, '85', 0, '2017-05-03', '2017-05-03'),
(2384, 3, '95', 0, '2017-05-04', '2017-05-04'),
(2385, 3, '85', 0, '2017-05-05', '2017-05-05'),
(2386, 3, '95', 0, '2017-05-06', '2017-05-06'),
(2387, 3, '0', 0, '2017-05-08', '2017-05-08'),
(2388, 3, '490', 0, '2017-05-07', '2017-05-07'),
(2389, 3, '100', 0, '2017-05-09', '2017-05-09'),
(2390, 3, '100', 0, '2017-05-10', '2017-05-10'),
(2391, 3, '95', 0, '2017-05-11', '2017-05-11'),
(2392, 3, '95', 0, '2017-05-12', '2017-05-12'),
(2393, 3, '100', 0, '2017-05-13', '2017-05-13'),
(2394, 3, '85', 0, '2017-05-15', '2017-05-15'),
(2395, 3, '550', 0, '2017-05-14', '2017-05-14'),
(2396, 3, '100', 0, '2017-05-16', '2017-05-16'),
(2397, 3, '85', 0, '2017-05-17', '2017-05-17'),
(2398, 3, '95', 0, '2017-05-18', '2017-05-18'),
(2399, 3, '85', 0, '2017-05-19', '2017-05-19'),
(2400, 3, '100', 0, '2017-05-20', '2017-05-20'),
(2401, 3, '95', 0, '2017-05-22', '2017-05-22'),
(2402, 3, '95', 0, '2017-05-21', '2017-05-21'),
(2403, 3, '0', 0, '2017-05-23', '2017-05-23'),
(2404, 16, '0', 0, '2017-05-13', '2017-05-13'),
(2405, 16, '460', 0, '2017-05-07', '2017-05-07'),
(2406, 16, '0', 0, '2017-05-04', '2017-05-04'),
(2407, 16, '300', 0, '2017-04-30', '2017-04-30'),
(2408, 16, '0', 0, '2017-05-06', '2017-05-06'),
(2409, 16, '0', 0, '2017-05-18', '2017-05-18'),
(2410, 16, '170', 0, '2017-05-14', '2017-05-14'),
(2411, 16, '0', 0, '2017-05-19', '2017-05-19'),
(2412, 16, '0', 0, '2017-05-20', '2017-05-20'),
(2413, 16, '100', 0, '2017-05-02', '2017-05-02'),
(2414, 16, '100', 0, '2017-05-03', '2017-05-03'),
(2415, 16, '100', 0, '2017-05-05', '2017-05-05'),
(2416, 16, '85', 0, '2017-05-08', '2017-05-08'),
(2417, 16, '100', 0, '2017-05-09', '2017-05-09'),
(2418, 16, '95', 0, '2017-05-10', '2017-05-10'),
(2419, 16, '95', 0, '2017-05-11', '2017-05-11'),
(2420, 16, '85', 0, '2017-05-12', '2017-05-12'),
(2421, 16, '85', 0, '2017-05-15', '2017-05-15'),
(2422, 16, '85', 0, '2017-05-16', '2017-05-16'),
(2423, 16, '0', 0, '2017-05-17', '2017-05-17'),
(2424, 16, '95', 0, '2017-05-22', '2017-05-22'),
(2425, 16, '195', 0, '2017-05-21', '2017-05-21'),
(2426, 16, '100', 0, '2017-05-23', '2017-05-23');

-- --------------------------------------------------------

--
-- Estructura de tabla para la tabla `cargo`
--

CREATE TABLE IF NOT EXISTS `cargo` (
  `IdCg` int(11) NOT NULL AUTO_INCREMENT,
  `Descripcion` varchar(50) NOT NULL,
  `Activo` int(10) NOT NULL,
  PRIMARY KEY (`IdCg`)
) ENGINE=InnoDB  DEFAULT CHARSET=latin1 AUTO_INCREMENT=10 ;

--
-- Volcar la base de datos para la tabla `cargo`
--

INSERT INTO `cargo` (`IdCg`, `Descripcion`, `Activo`) VALUES
(1, 'Auxiliar', 0),
(2, 'Cortador', 0),
(3, 'Corte Empaque 1rio', 0),
(4, 'Empaque', 0),
(5, 'Plancha', 0),
(6, 'Seleccion', 0),
(7, 'Selladora', 0),
(8, 'Soporte', 0),
(9, 'Rebobinador', 0);

-- --------------------------------------------------------

--
-- Estructura de tabla para la tabla `horario`
--

CREATE TABLE IF NOT EXISTS `horario` (
  `IdTn` int(11) NOT NULL AUTO_INCREMENT,
  `Descripcion` varchar(50) NOT NULL,
  `Activo` int(10) NOT NULL,
  PRIMARY KEY (`IdTn`)
) ENGINE=InnoDB  DEFAULT CHARSET=latin1 ROW_FORMAT=COMPACT AUTO_INCREMENT=4 ;

--
-- Volcar la base de datos para la tabla `horario`
--

INSERT INTO `horario` (`IdTn`, `Descripcion`, `Activo`) VALUES
(1, '06:00 AM - 02:30 PM', 0),
(2, '02:30 PM - 10:00 PM', 0),
(3, '10:00 PM - 06:00 AM', 0);

-- --------------------------------------------------------

--
-- Estructura de tabla para la tabla `log_transac`
--

CREATE TABLE IF NOT EXISTS `log_transac` (
  `Grupo` varchar(100) NOT NULL,
  `Us_name` varchar(100) NOT NULL,
  `Date_Reg` datetime NOT NULL,
  `Descripcion` varchar(255) DEFAULT NULL
) ENGINE=InnoDB DEFAULT CHARSET=latin1 ROW_FORMAT=DYNAMIC;

--
-- Volcar la base de datos para la tabla `log_transac`
--

INSERT INTO `log_transac` (`Grupo`, `Us_name`, `Date_Reg`, `Descripcion`) VALUES
('0', 'admin ID=> 1', '2017-04-18 15:28:55', 'Ingreso al sistema'),
('0', 'admin ID=> 1', '2017-04-18 15:30:37', 'Ingreso al sistema'),
('0', 'admin ID=> 1', '2017-04-18 15:31:00', 'Ingreso al sistema'),
('0', 'admin ID=> 1', '2017-04-18 15:34:15', 'Ingreso al sistema'),
('0', 'admin ID=> 1', '2017-04-18 15:43:54', 'Ingreso al sistema'),
('0', 'sc01 ID=> 2', '2017-04-18 15:45:00', 'Ingreso al sistema'),
('0', 'sc01 ID=> 2', '2017-04-18 15:45:20', 'Ingreso al sistema'),
('0', 'sc01 ID=> 2', '2017-04-18 15:50:52', 'Ingreso al sistema'),
('0', 'sc01 ID=> 2', '2017-04-18 15:58:24', 'Ingreso al sistema'),
('0', 'sc01 ID=> 2', '2017-04-18 15:59:40', 'Ingreso al sistema'),
('0', 'admin ID=> 1', '2017-04-18 16:20:46', 'Ingreso al sistema'),
('0', 'jluna ID=> 3', '2017-04-18 16:22:27', 'Ingreso al sistema'),
('0', 'admin ID=> 1', '2017-04-18 16:23:05', 'Ingreso al sistema'),
('0', 'jluna ID=> 3', '2017-04-18 17:11:41', 'Ingreso al sistema'),
('0', 'admin ID=> 1', '2017-04-19 12:05:11', 'Ingreso al sistema'),
('0', 'sc01 ID=> 2', '2017-04-20 11:49:33', 'Ingreso al sistema'),
('0', 'sc01 ID=> 2', '2017-04-20 11:51:14', 'Ingreso al sistema'),
('0', 'sc01 ID=> 2', '2017-04-20 13:21:41', 'Ingreso al sistema'),
('0', 'admin ID=> 1', '2017-04-20 14:01:45', 'Ingreso al sistema'),
('0', 'admin ID=> 1', '2017-04-20 15:09:03', 'Ingreso al sistema'),
('0', 'sc01 ID=> 2', '2017-04-21 08:16:35', 'Ingreso al sistema'),
('0', 'sc01 ID=> 2', '2017-04-21 09:31:26', 'Ingreso al sistema'),
('0', 'admin ID=> 1', '2017-04-21 09:41:30', 'Ingreso al sistema'),
('0', 'sc01 ID=> 2', '2017-04-21 10:18:46', 'Ingreso al sistema'),
('0', 'admin ID=> 1', '2017-04-21 10:29:39', 'Ingreso al sistema'),
('0', 'admin ID=> 1', '2017-04-21 10:32:33', 'Ingreso al sistema'),
('0', 'admin ID=> 1', '2017-04-21 10:40:26', 'Ingreso al sistema'),
('0', 'sc01 ID=> 2', '2017-04-21 15:46:04', 'Ingreso al sistema'),
('0', 'sc01 ID=> 2', '2017-04-22 11:32:36', 'Ingreso al sistema'),
('0', 'sc01 ID=> 2', '2017-04-22 14:07:38', 'Ingreso al sistema'),
('0', 'sc01 ID=> 2', '2017-04-23 08:47:59', 'Ingreso al sistema'),
('0', 'admin ID=> 1', '2017-04-23 19:20:35', 'Ingreso al sistema'),
('0', 'sc01 ID=> 2', '2017-04-24 10:03:27', 'Ingreso al sistema'),
('0', 'admin ID=> 1', '2017-04-24 13:05:49', 'Ingreso al sistema'),
('0', 'admin ID=> 1', '2017-04-24 13:10:44', 'Ingreso al sistema'),
('0', 'sc01 ID=> 2', '2017-04-24 13:20:11', 'Ingreso al sistema'),
('0', 'admin ID=> 1', '2017-04-24 17:34:36', 'Ingreso al sistema'),
('0', 'sc01 ID=> 2', '2017-04-26 07:28:54', 'Ingreso al sistema'),
('0', 'sc01 ID=> 2', '2017-04-27 10:22:46', 'Ingreso al sistema'),
('0', 'admin ID=> 1', '2017-04-28 12:47:56', 'Ingreso al sistema'),
('0', 'sc01 ID=> 2', '2017-04-28 15:53:55', 'Ingreso al sistema'),
('0', 'jluna ID=> 3', '2017-04-28 16:49:41', 'Ingreso al sistema'),
('0', 'sc01 ID=> 2', '2017-04-29 09:09:16', 'Ingreso al sistema'),
('0', 'sc01 ID=> 2', '2017-05-02 13:24:20', 'Ingreso al sistema'),
('0', 'sc01 ID=> 2', '2017-05-03 09:30:24', 'Ingreso al sistema'),
('0', 'admin ID=> 1', '2017-05-03 11:21:06', 'Ingreso al sistema'),
('0', 'sc01 ID=> 2', '2017-05-05 12:55:48', 'Ingreso al sistema'),
('0', 'sc01 ID=> 2', '2017-05-05 12:55:49', 'Ingreso al sistema'),
('0', 'sc01 ID=> 2', '2017-05-08 13:54:27', 'Ingreso al sistema'),
('0', 'sc01 ID=> 2', '2017-05-08 13:54:28', 'Ingreso al sistema'),
('0', 'sc01 ID=> 2', '2017-05-08 17:06:50', 'Ingreso al sistema'),
('0', 'sc01 ID=> 2', '2017-05-09 14:06:43', 'Ingreso al sistema'),
('0', 'sc01 ID=> 2', '2017-05-10 09:29:53', 'Ingreso al sistema'),
('0', 'sc01 ID=> 2', '2017-05-10 13:37:48', 'Ingreso al sistema'),
('0', 'sc01 ID=> 2', '2017-05-11 07:16:21', 'Ingreso al sistema'),
('0', 'sc01 ID=> 2', '2017-05-17 13:08:56', 'Ingreso al sistema'),
('0', 'sc01 ID=> 2', '2017-05-18 15:40:47', 'Ingreso al sistema'),
('0', 'admin ID=> 1', '2017-05-21 09:29:46', 'Ingreso al sistema'),
('0', 'sc01 ID=> 2', '2017-05-23 07:43:33', 'Ingreso al sistema'),
('0', 'sc01 ID=> 2', '2017-05-23 15:51:59', 'Ingreso al sistema'),
('0', 'sc01 ID=> 2', '2017-05-24 15:50:01', 'Ingreso al sistema'),
('0', 'sc01 ID=> 2', '2017-05-25 07:04:11', 'Ingreso al sistema');

-- --------------------------------------------------------

--
-- Estructura de tabla para la tabla `metas`
--

CREATE TABLE IF NOT EXISTS `metas` (
  `IdMt` int(11) NOT NULL AUTO_INCREMENT,
  `Min` int(11) NOT NULL,
  `Max` int(11) NOT NULL,
  `puntos` int(11) NOT NULL,
  `Fecha` date NOT NULL,
  `Activo` tinyint(1) NOT NULL,
  PRIMARY KEY (`IdMt`)
) ENGINE=InnoDB  DEFAULT CHARSET=latin1 AUTO_INCREMENT=4 ;

--
-- Volcar la base de datos para la tabla `metas`
--

INSERT INTO `metas` (`IdMt`, `Min`, `Max`, `puntos`, `Fecha`, `Activo`) VALUES
(1, 320, 399, 85, '2017-04-24', 0),
(2, 400, 449, 95, '2017-04-24', 0),
(3, 450, 1000, 100, '2017-04-24', 0);

-- --------------------------------------------------------

--
-- Estructura de tabla para la tabla `rol`
--

CREATE TABLE IF NOT EXISTS `rol` (
  `IdRol` int(11) NOT NULL AUTO_INCREMENT,
  `Descripcion` varchar(50) NOT NULL,
  PRIMARY KEY (`IdRol`)
) ENGINE=InnoDB  DEFAULT CHARSET=latin1 AUTO_INCREMENT=3 ;

--
-- Volcar la base de datos para la tabla `rol`
--

INSERT INTO `rol` (`IdRol`, `Descripcion`) VALUES
(1, 'Administrador'),
(2, 'Digitador');

-- --------------------------------------------------------

--
-- Estructura de tabla para la tabla `user`
--

CREATE TABLE IF NOT EXISTS `user` (
  `IdUser` int(11) NOT NULL AUTO_INCREMENT,
  `User` varchar(50) NOT NULL,
  `Name` varchar(100) NOT NULL,
  `Pass` varchar(50) NOT NULL,
  `Access` int(3) NOT NULL,
  `Date_Creat` date NOT NULL,
  `Active` int(1) NOT NULL,
  PRIMARY KEY (`IdUser`)
) ENGINE=InnoDB  DEFAULT CHARSET=latin1 ROW_FORMAT=COMPACT AUTO_INCREMENT=5 ;

--
-- Volcar la base de datos para la tabla `user`
--

INSERT INTO `user` (`IdUser`, `User`, `Name`, `Pass`, `Access`, `Date_Creat`, `Active`) VALUES
(1, 'admin', 'Administrador', 'a7m1425.', 1, '2017-04-01', 0),
(2, 'sc01', 'Roberto Dolores Carrion Baena', 'sc1804', 2, '2017-04-18', 0),
(3, 'jluna', 'Joseph Enrique Luna Herrera', 'luna1234', 1, '2017-04-18', 0),
(4, 'maryan', 'mespinoza', 'a7m1425', 1, '2017-04-21', 1);

-- --------------------------------------------------------

--
-- Estructura de tabla para la tabla `work`
--

CREATE TABLE IF NOT EXISTS `work` (
  `IdTb` int(11) NOT NULL AUTO_INCREMENT,
  `NombreC` varchar(150) NOT NULL,
  `Cargo` varchar(50) NOT NULL,
  `Horario` varchar(50) NOT NULL,
  `Activo` int(1) NOT NULL,
  PRIMARY KEY (`IdTb`)
) ENGINE=InnoDB  DEFAULT CHARSET=latin1 AUTO_INCREMENT=80 ;

--
-- Volcar la base de datos para la tabla `work`
--

INSERT INTO `work` (`IdTb`, `NombreC`, `Cargo`, `Horario`, `Activo`) VALUES
(1, 'Claudia Lopez', 'Soporte', '06:00 AM - 02:30 PM', 0),
(2, 'Christian Lopez', 'Rebobinador', '06:00 AM - 02:30 PM', 0),
(3, 'Jose Adan Mejia', 'Auxiliar', '06:00 AM - 02:30 PM', 0),
(4, 'Eddy Ampie', 'Cortador', '06:00 AM - 02:30 PM', 0),
(5, 'Arelis Reyes', 'Seleccion', '06:00 AM - 02:30 PM', 0),
(6, 'Silvia Maricela Penado Garcia', 'Seleccion', '06:00 AM - 02:30 PM', 0),
(7, 'Yara Lidia Solis Patterson', 'Plancha', '06:00 AM - 02:30 PM', 0),
(8, 'Leydi del Socorro Murillo Aguilar', 'Plancha', '06:00 AM - 02:30 PM', 0),
(9, 'Norma del Socorro Molina Hurtado', 'Empaque', '06:00 AM - 02:30 PM', 0),
(10, 'Yenny Elizabeth Mayorquin Perez', 'Plancha', '06:00 AM - 02:30 PM', 0),
(11, 'Ivanovat Cristhy Flores Robleto', 'Empaque', '06:00 AM - 02:30 PM', 0),
(12, 'Karla Ninoska Lopez Mora', 'Corte%20Empaque%201rio', '06:00 AM - 02:30 PM', 0),
(13, 'Yamileth de los Angeles Guzman Garcia', 'Seleccion', '06:00 AM - 02:30 PM', 0),
(14, 'Doris Lisseth Torres Mendez', 'Empaque', '06:00 AM - 02:30 PM', 0),
(15, 'Johanna Maria Celada Solis', 'Plancha', '06:00 AM - 02:30 PM', 0),
(16, 'Jose Luis Muñoz Flores', 'Auxiliar', '06:00 AM - 02:30 PM', 0),
(17, 'Elda Rosa Quiroz Moraga', 'Soporte', '06:00 AM - 02:30 PM', 0),
(18, 'Wuilder Hernan Rivas Benvides', 'Empaque', '06:00 AM - 02:30 PM', 0),
(19, 'Emmanuel Ignacio Alvarez Aleman', 'Cortador', '06:00 AM - 02:30 PM', 0),
(20, 'Anielka Patricia Torres', 'Plancha', '06:00 AM - 02:30 PM', 0),
(21, 'Lisseth de los Angeles Sanchez', 'Plancha', '06:00 AM - 02:30 PM', 0),
(22, 'Angela Magdalena Real Calero', 'Empaque', '06:00 AM - 02:30 PM', 0),
(23, 'Rosa Ileana Valerio Doña', 'Plancha', '06:00 AM - 02:30 PM', 0),
(24, 'Maria Del Carmen Mora Urbina', 'Plancha', '06:00 AM - 02:30 PM', 0),
(25, 'Marjoury De Los Angeles Valle Hernandez', 'Plancha', '06:00 AM - 02:30 PM', 0),
(26, 'Maria Esther Martinez Garcia', 'Corte%20Empaque%201rio', '06:00 AM - 02:30 PM', 0),
(27, 'Noriel Daniel Juarez Cordoba', 'Rebobinador', '06:00 AM - 02:30 PM', 0),
(28, 'Norma Sugey Valle Obando', 'Seleccion', '06:00 AM - 02:30 PM', 1),
(29, 'Marlena del Rosario Guevara Carballo', 'Soporte', '06:00 AM - 02:30 PM', 0),
(30, 'Juan Carlos Reyes Obregon', 'Rebobinador', '06:00 AM - 02:30 PM', 0),
(31, 'Oscar Antonio Castillo Jarquin', 'Cortador', '06:00 AM - 02:30 PM', 0),
(32, 'Quiana Ninoska Hernandez Lopez', 'Plancha', '06:00 AM - 02:30 PM', 0),
(33, 'Martha Isabel Fargas Padilla', 'Selladora', '06:00 AM - 02:30 PM', 0),
(34, 'Eva del Rosario Urbina Calero', 'Corte%20Empaque%201rio', '06:00 AM - 02:30 PM', 0),
(35, 'Estherlina Jahoska Alvarez Murillo', 'Plancha', '06:00 AM - 02:30 PM', 0),
(36, 'Carolina Espinoza Mejia', 'Seleccion', '06:00 AM - 02:30 PM', 0),
(37, 'Maclovia Fabiola Salinas Huembes', 'Seleccion', '06:00 AM - 02:30 PM', 0),
(38, 'Raquel de los Angeles Mendoza Salty', 'Empaque', '06:00 AM - 02:30 PM', 0),
(39, 'Maria Jose Garcia Romero', 'Plancha', '06:00 AM - 02:30 PM', 1),
(40, 'Maria Jose Garcia Romero', 'Plancha', '06:00 AM - 02:30 PM', 0),
(41, 'Yudeldy Junieth Martinez Mendez', 'Empaque', '06:00 AM - 02:30 PM', 0),
(42, 'Cindy Vicenta Orozco Arroliga', 'Plancha', '06:00 AM - 02:30 PM', 0),
(43, 'Lorna Idalia Marenco Gomez', 'Empaque', '06:00 AM - 02:30 PM', 0),
(44, 'Maryan Espinoza prueba', 'Soporte', '02:30 PM - 10:00 PM', 0),
(45, 'Gabriel Isaac Carrillo Aragon', 'Auxiliar', '06:00 AM - 02:30 PM', 0),
(46, 'Teresa del Carmen Martinez Martinez', 'Soporte', '02:30 PM - 10:00 PM', 0),
(47, 'Ivett del Carmen Macias Narvaez', 'Seleccion', '02:30 PM - 10:00 PM', 0),
(48, 'Yadira del Carmen Obando Saravia', 'Seleccion', '02:30 PM - 10:00 PM', 0),
(49, 'Belkin Nahoris How Morales', 'Plancha', '02:30 PM - 10:00 PM', 0),
(50, 'Jessenia del Socorro Carrion Hernandez', 'Selladora', '02:30 PM - 10:00 PM', 0),
(51, 'Carla Patricia Mejia Espinoza', 'Seleccion', '02:30 PM - 10:00 PM', 1),
(52, 'Ana Cristina Urbina Perez', 'Plancha', '02:30 PM - 10:00 PM', 0),
(53, 'Yenny Elizabeth Mayorquin Perez', 'Plancha', '06:00 AM - 02:30 PM', 1),
(54, 'Jose Luis Salinas Gomez', 'Rebobinador', '02:30 PM - 10:00 PM', 0),
(55, 'Allan Perez', 'Rebobinador', '06:00 AM - 02:30 PM', 0),
(56, 'Pastor Eleazar Ordoñez Espinoza', 'Rebobinador', '02:30 PM - 10:00 PM', 0),
(57, 'Wester Guido', 'Auxiliar', '02:30 PM - 10:00 PM', 1),
(58, 'Thania Teresa Rayo Gonzalez', 'Plancha', '02:30 PM - 10:00 PM', 0),
(59, 'Flor de Maria Guevara', 'Empaque', '02:30 PM - 10:00 PM', 0),
(60, 'Jaime Jose Vanegas Quiroz', 'Rebobinador', '10:00 PM - 06:00 AM', 0),
(61, 'Freddy Antonio Ramirez Flores', 'Auxiliar', '06:00 AM - 02:30 PM', 0),
(62, 'Nery Jose Sanchez Mercado', 'Rebobinador', '10:00 PM - 06:00 AM', 1),
(63, 'Norman Basquez', 'Rebobinador', '10:00 PM - 06:00 AM', 0),
(64, 'Hanzel Bladimir Marenco Norori', 'Rebobinador', '06:00 AM - 02:30 PM', 0),
(65, 'Ervin Israel Torrez Membreño', 'Rebobinador', '02:30 PM - 10:00 PM', 0),
(66, 'Jefri Mendoza', 'Auxiliar', '06:00 AM - 02:30 PM', 0),
(67, 'Jessica Elvira Vargas Hurtado', 'Plancha', '06:00 AM - 02:30 PM', 0),
(68, 'Michel Hurtado', 'Auxiliar', '06:00 AM - 02:30 PM', 0),
(69, 'Ileana Margarita Marota Montiel', 'Empaque', '06:00 AM - 02:30 PM', 0),
(70, 'Nancy Vallecillo', 'Empaque', '06:00 AM - 02:30 PM', 0),
(71, 'Eyner Rodriguez', 'Auxiliar', '06:00 AM - 02:30 PM', 0),
(72, 'Nelson Javier Avendaño Polanco', 'Cortador', '02:30 PM - 10:00 PM', 0),
(73, 'Joseling Antonia Tinoco Mairena', 'Plancha', '02:30 PM - 10:00 PM', 0),
(74, 'Maria Magdalena Brenes Vasquez', 'Corte%20Empaque%201rio', '02:30 PM - 10:00 PM', 0),
(75, 'Maria Madgalena Bermudez Estrada', 'Seleccion', '02:30 PM - 10:00 PM', 0),
(76, 'Ediccia Marcela Perez Chavarria', 'Selladora', '02:30 PM - 10:00 PM', 0),
(77, 'Carla Patricia Mejia Espinoza', 'Seleccion', '02:30 PM - 10:00 PM', 0),
(78, 'Flor de Maria Guevara Galeano', 'Seleccion', '02:30 PM - 10:00 PM', 0),
(79, 'Benjamin Josue Garcia Sandino', 'Rebobinador', '02:30 PM - 10:00 PM', 0);
